1	1
2	2
3	3
4	4
5	5
6	6
7	7
8	8
9	9
10	10
11	11
12	12
13	13
14	14
15	15
16	16
17	17
18	18
19	19
20	20
21	21
22	22
23	23
24	24
25	25
26	26
27	27
28	28
29	29
30	30
31	31
32	32
33	33
34	34
35	35
36	36
37	37
38	38
39	39
40	40
41	41
42	42
43	43
44	44
45	45
46	46
47	47
48	48
49	49
50	50
51	51
52	52
53	53
54	54
55	55
56	56
57	57
58	58
59	59
60	60
61	61
62	62
63	63
64	64
65	65
66	66
67	67
68	68
69	69
70	70
71	71
72	72
73	73
74	74
75	75
76	76
77	deleted
78	77
79	78
80	79
81	80
82	81
83	82
84	83
85	84
86	85
87	86
88	87
89	88
90	89
91	90
92	91
93	92
94	93
95	94
96	95
97	96
98	97
99	98
100	99
101	100
102	101
103	103
104	104
105	105
106	106
107	107
108	108
109	109
110	110
111	111
112	112
113	113
114	114
115	115
116	116
117	117
118	118
119	119
120	120
121	121
122	122
123	123
124	124
125	125
126	126
127	127
128	128
129	129
130	130
131	131
132	deleted
133	132
134	133
135	134
136	135
137	136
138	137
139	138
140	139
141	140
142	141
143	142
144	143
145	144
146	145
147	146
148	147
149	148
150	149
151	150
152	151
153	152
154	153
155	154
156	155
157	156
158	157
159	158
160	159
161	160
162	161
163	162
164	163
165	164
166	165
167	166
168	167
169	168
170	169
171	170
172	171
173	172
174	173
175	174
176	175
177	176
178	177
179	178
180	179
181	180
182	181
183	182
184	183
185	184
186	185
187	186
188	187
189	188
190	189
191	190
192	191
193	192
194	193
195	194
196	195
197	196
198	197
199	198
200	199
201	200
202	201
203	202
204	203
205	204
206	205
207	206
208	207
209	208
210	209
211	210
212	211
213	212
214	213
215	214
216	215
217	216
218	217
219	218
220	219
221	220
222	221
223	222
224	223
225	224
226	225
227	226
228	227
229	228
230	229
231	230
232	231
233	232
234	233
235	234
236	235
237	236
238	237
239	238
240	239
241	240
242	241
243	242
244	243
245	244
246	245
247	246
248	247
249	248
250	249
251	250
252	251
253	252
254	254
255	255
256	256
257	257
258	258
259	259
260	260
261	261
262	262
263	263
264	264
265	265
266	266
267	267
268	268
269	269
270	270
271	deleted
272	271
273	272
274	deleted
275	273
276	274
277	deleted
278	275
279	276
280	277
281	278
282	279
283	280
284	281
285	282
286	283
287	285
288	286
289	287
290	deleted
291	289
292	290
293	291
294	292
295	293
296	294
297	295
298	296
299	297
300	298
301	299
302	300
303	301
304	302
305	303
306	304
307	305
308	306
309	307
310	308
311	309
312	310
313	311
314	312
315	313
316	314
317	315
318	316
319	317
320	318
321	319
322	320
323	321
324	322
325	323
326	324
327	325
328	326
329	327
330	328
331	329
332	330
333	331
334	332
335	333
336	334
337	335
338	336
339	337
340	338
341	339
342	340
343	341
344	342
345	343
346	344
347	345
348	346
349	347
350	348
351	349
352	350
353	deleted
354	351
355	352
356	353
357	354
358	355
359	356
360	357
361	358
362	359
363	360
364	361
365	deleted
366	362
367	363
368	364
369	365
370	366
371	367
372	368
373	369
374	370
375	371
376	372
377	373
378	374
379	375
380	376
381	377
382	378
383	379
384	380
385	381
386	382
387	deleted
388	384
389	385
390	386
391	387
392	388
393	389
394	390
395	391
396	392
397	393
398	394
399	395
400	396
401	397
402	398
403	399
404	400
405	401
406	402
407	403
408	404
409	405
410	406
411	407
412	408
413	409
414	410
415	411
416	412
417	413
418	414
419	415
420	416
421	417
422	418
423	419
424	420
425	421
426	422
427	423
428	424
429	425
430	426
431	427
432	428
433	429
434	430
435	431
436	432
437	433
438	434
439	435
440	436
441	437
442	438
443	439
444	440
445	441
446	442
447	443
448	444
449	445
450	446
451	447
452	448
453	449
454	450
455	deleted
456	451
457	452
458	453
459	454
460	455
461	456
462	457
463	458
464	459
465	460
466	461
467	462
468	463
469	464
470	465
471	466
472	467
473	468
474	469
475	470
476	471
477	472
478	473
479	474
480	475
481	476
482	477
483	478
484	479
485	480
486	481
487	482
488	483
489	484
490	485
491	486
492	487
493	488
494	489
495	490
496	491
497	492
498	493
499	495
500	496
501	497
502	498
503	499
504	500
505	501
506	502
507	deleted
508	503
509	504
510	505
511	506
512	507
513	508
514	509
515	510
516	511
517	512
518	513
519	514
520	515
521	516
522	517
523	518
524	519
525	520
526	521
527	522
528	523
529	524
530	525
531	526
532	527
533	528
534	529
535	530
536	531
537	532
538	533
539	534
540	535
541	536
542	537
543	538
544	539
545	540
546	541
547	542
548	543
549	544
550	545
551	546
552	547
553	548
554	549
555	550
556	551
557	552
558	553
559	554
560	555
561	556
562	557
563	558
564	559
565	deleted
566	560
567	561
568	562
569	563
570	564
571	565
572	566
573	567
574	568
575	569
576	570
577	571
578	572
579	573
580	574
581	575
582	576
583	577
584	578
585	579
586	580
587	581
588	582
589	583
590	584
591	585
592	586
593	587
594	588
595	589
596	590
597	591
598	592
599	593
600	594
601	595
602	596
603	597
604	598
605	599
606	600
607	601
608	602
609	603
610	604
611	deleted
612	605
613	606
614	607
615	608
616	609
617	610
618	611
619	612
620	613
621	614
622	615
623	616
624	617
625	618
626	619
627	deleted
628	621
629	622
630	623
631	624
632	625
633	626
634	627
635	628
636	629
637	630
638	631
639	632
640	633
641	634
642	635
643	636
644	637
645	638
646	639
647	640
648	641
649	642
650	643
651	644
652	645
653	646
654	647
655	648
656	649
657	650
658	651
659	652
660	653
661	654
662	655
663	656
664	657
665	658
666	659
667	660
668	661
669	662
670	663
671	664
672	665
673	666
674	667
675	668
676	669
677	670
678	671
679	672
680	deleted
681	673
682	674
683	675
684	676
685	677
686	678
687	679
688	680
689	681
690	682
691	683
692	684
693	685
694	686
695	687
696	688
697	689
698	690
699	691
700	692
701	693
702	694
703	695
704	696
705	697
706	698
707	699
708	700
709	701
710	702
711	703
712	704
713	705
714	706
715	707
716	708
717	709
718	710
719	711
720	712
721	713
722	714
723	715
724	716
725	717
726	718
727	719
728	720
729	721
730	722
731	723
732	724
733	725
734	726
735	727
736	728
737	729
738	730
739	731
740	732
741	733
742	734
743	735
744	736
745	737
746	738
747	739
748	740
749	741
750	742
751	743
752	744
753	745
754	746
755	747
756	748
757	749
758	750
759	751
760	752
761	753
762	754
763	755
764	756
765	757
766	758
767	759
768	760
769	761
770	762
771	763
772	764
773	765
774	766
775	767
776	768
777	deleted
778	770
779	771
780	772
781	773
782	774
783	775
784	776
785	777
786	778
787	779
788	780
789	781
790	782
791	783
792	784
793	785
794	786
795	787
796	788
797	789
798	790
799	791
800	792
801	793
802	794
803	795
804	796
805	797
806	798
807	799
808	800
809	801
810	802
811	803
812	804
813	805
814	806
815	807
816	deleted
817	808
818	809
819	810
820	811
821	812
822	813
823	814
824	815
825	816
826	818
827	819
828	820
829	821
830	822
831	823
832	824
833	825
834	826
835	827
836	828
837	829
838	830
839	831
840	832
841	833
842	834
843	835
844	836
845	837
846	838
847	839
848	840
849	841
850	842
851	843
852	844
853	845
854	846
855	847
856	848
857	849
858	850
859	851
860	852
861	853
862	854
863	855
864	856
865	857
866	858
867	859
868	860
869	861
870	862
871	863
872	864
873	865
874	866
875	867
876	deleted
877	869
878	870
879	871
880	872
881	873
882	874
883	875
884	876
885	877
886	878
887	879
888	880
889	881
890	882
891	883
892	884
893	885
894	886
895	887
896	888
897	889
898	890
899	891
900	892
901	893
902	894
903	895
904	896
905	897
906	898
907	899
908	deleted
909	901
910	902
911	903
912	904
913	905
914	906
915	907
916	deleted
917	908
918	909
919	910
920	911
921	912
922	913
923	914
924	915
925	916
926	917
927	918
928	919
929	920
930	921
931	922
932	923
933	924
934	925
935	926
936	927
937	928
938	929
939	930
940	931
941	932
942	933
943	934
944	935
945	936
946	937
947	938
948	939
949	940
950	941
951	942
952	943
953	944
954	945
955	deleted
956	946
957	947
958	948
959	949
960	950
961	951
962	952
963	953
964	954
965	955
966	956
967	957
968	958
969	959
970	960
971	961
972	962
973	963
974	964
975	965
976	966
977	967
978	968
979	969
980	970
981	971
982	972
983	973
984	974
985	975
986	976
987	977
988	978
989	979
990	980
991	981
992	982
993	983
994	984
995	985
996	986
997	987
998	988
999	989
1000	990
1001	991
1002	992
1003	993
1004	994
1005	995
1006	996
1007	998
1008	999
1009	1000
1010	1001
1011	1002
1012	1003
1013	1004
1014	1005
1015	1006
1016	1007
1017	1008
1018	1009
1019	1010
1020	1011
1021	1012
1022	1013
1023	1014
1024	1015
1025	1016
1026	1017
1027	1018
1028	1019
1029	1020
1030	1021
1031	1022
1032	1023
1033	1024
1034	1025
1035	1026
1036	1027
1037	1028
1038	1029
1039	1030
1040	1031
1041	1032
1042	1033
1043	1034
1044	1035
1045	1036
1046	1037
1047	1038
1048	1039
1049	1040
1050	1041
1051	1042
1052	1043
1053	1044
1054	1045
1055	1046
1056	1047
1057	1048
1058	1049
1059	1050
1060	1051
1061	1052
1062	1053
1063	1054
1064	1055
1065	1056
1066	1057
1067	1058
1068	1059
1069	1060
1070	1061
1071	1062
1072	1063
1073	1064
1074	1065
1075	1066
1076	1067
1077	1068
1078	1069
1079	1070
1080	1071
1081	1072
1082	1073
1083	1074
1084	1075
1085	1076
1086	1077
1087	1078
1088	1079
1089	1080
1090	1081
1091	1082
1092	1083
1093	1084
1094	1085
1095	1086
1096	1087
1097	1088
1098	1089
1099	1090
1100	1091
1101	1092
1102	1093
1103	1094
1104	1095
1105	1096
1106	1097
1107	1098
1108	1099
1109	1100
1110	1101
1111	1102
1112	1103
1113	1104
1114	1105
1115	1106
1116	1107
1117	1108
1118	1109
1119	1110
1120	1111
1121	1112
1122	1113
1123	1114
1124	1115
1125	1116
1126	1117
1127	1118
1128	1119
1129	1120
1130	1121
1131	1122
1132	1123
1133	1124
1134	1125
1135	1126
1136	1127
1137	1128
1138	1129
1139	1130
1140	1131
1141	1132
1142	1133
1143	1134
1144	1135
1145	1136
1146	1137
1147	1138
1148	1139
1149	1140
1150	1141
1151	1142
1152	1143
1153	1144
1154	1145
1155	1146
1156	1147
1157	1148
1158	1149
1159	1150
1160	1151
1161	1152
1162	1153
1163	1154
1164	1155
1165	1156
1166	1157
1167	1158
1168	1159
1169	1160
1170	1161
1171	1162
1172	1163
1173	1164
1174	1165
1175	1166
1176	1167
1177	1168
1178	1169
1179	1170
1180	1171
1181	1172
1182	1173
1183	1174
1184	1175
1185	1176
1186	1177
1187	1178
1188	1179
1189	1180
1190	1181
1191	1182
1192	1183
1193	1184
1194	1185
1195	1186
1196	1187
1197	1188
1198	1189
1199	deleted
1200	1190
1201	1191
1202	1192
1203	1193
1204	1194
1205	1195
1206	1196
1207	1197
1208	1198
1209	1199
1210	1200
1211	1201
1212	1203
1213	1204
1214	1205
1215	1206
1216	1207
1217	1208
1218	1209
1219	1210
1220	1211
1221	1212
1222	1213
1223	1214
1224	1215
1225	1216
1226	1217
1227	1218
1228	1219
1229	1220
1230	1221
1231	deleted
1232	1222
1233	1223
1234	1224
1235	1225
1236	1226
1237	1227
1238	1228
1239	1229
1240	1230
1241	1231
1242	1232
1243	1233
1244	1234
1245	1235
1246	1236
1247	1237
1248	1238
1249	1239
1250	1240
1251	1241
1252	1242
1253	1243
1254	deleted
1255	1244
1256	1245
1257	1246
1258	1247
1259	1248
1260	1249
1261	1250
1262	1251
1263	1252
1264	1253
1265	1254
1266	1255
1267	1256
1268	1257
1269	1258
1270	1259
1271	1260
1272	1261
1273	1262
1274	1263
1275	1264
1276	1265
1277	1266
1278	1267
1279	1268
1280	1269
1281	1270
1282	1271
1283	1272
1284	1273
1285	1274
1286	1275
1287	1276
1288	1277
1289	1278
1290	1279
1291	1280
1292	1281
1293	1282
1294	1283
1295	1284
1296	1285
1297	1286
1298	1287
1299	1288
1300	1289
1301	1290
1302	1291
1303	1292
1304	1293
1305	1294
1306	1295
1307	1296
1308	1297
1309	1298
1310	1299
1311	1300
1312	1301
1313	1302
1314	1303
1315	1304
1316	1305
1317	1306
1318	1307
1319	1308
1320	1309
1321	1310
1322	1311
1323	1312
1324	1313
1325	1314
1326	1315
1327	1316
1328	1317
1329	1318
1330	deleted
1331	1320
1332	1321
1333	1322
1334	1323
1335	1324
1336	1325
1337	1326
1338	1327
1339	1328
1340	1329
1341	1330
1342	1331
1343	1332
1344	1333
1345	1335
1346	1336
1347	1337
1348	1338
1349	deleted
1350	1340
1351	1341
1352	1342
1353	1343
1354	1344
1355	1345
1356	1346
1357	1347
1358	1348
1359	1349
1360	1350
1361	1351
1362	1352
1363	1353
1364	1354
1365	1355
1366	1356
1367	1357
1368	1359
1369	1360
1370	1361
1371	1362
1372	1363
1373	1364
1374	1365
1375	1366
1376	1367
1377	1368
1378	1369
1379	1370
1380	1371
1381	1372
1382	1373
1383	1374
1384	1375
1385	1376
1386	1377
1387	1378
1388	1379
1389	1380
1390	1381
1391	1382
1392	1383
1393	1384
1394	1385
1395	1386
1396	1387
1397	1388
1398	1389
1399	1390
1400	1391
1401	1392
1402	1393
1403	1394
1404	1395
1405	1396
1406	1397
1407	1398
1408	1399
1409	1400
1410	1401
1411	1402
1412	deleted
1413	1404
1414	1405
1415	1406
1416	1407
1417	1408
1418	1409
1419	1410
1420	1411
1421	1412
1422	1413
1423	1414
1424	1415
1425	1416
1426	1417
1427	1418
1428	1419
1429	1420
1430	1421
1431	1422
1432	1423
1433	1424
1434	1425
1435	1426
1436	1427
1437	1428
1438	1429
1439	1430
1440	1432
1441	1433
1442	1434
1443	1435
1444	1436
1445	1437
1446	1438
1447	1439
1448	1440
1449	1441
1450	1442
1451	1443
1452	1444
1453	1445
1454	1446
1455	1447
1456	1448
1457	1449
1458	1450
1459	1451
1460	1452
1461	1453
1462	1454
1463	1455
1464	1456
1465	1457
1466	1458
1467	1459
1468	1460
1469	1461
1470	1462
1471	1463
1472	1464
1473	1465
1474	1466
1475	1467
1476	1468
1477	1469
1478	1470
1479	1471
1480	1472
1481	1473
1482	1474
1483	1475
1484	1476
1485	1477
1486	1478
1487	1479
1488	1480
1489	1481
1490	1482
1491	1483
1492	1484
1493	1485
1494	1486
1495	1487
1496	1488
1497	1489
1498	1490
1499	1491
1500	1492
1501	1493
1502	1494
1503	1495
1504	1496
1505	1497
1506	1498
1507	1499
1508	1500
1509	1501
1510	1502
1511	1503
1512	1504
1513	1505
1514	1506
1515	1507
1516	1508
1517	1509
1518	1510
1519	1511
1520	1512
1521	1513
1522	1514
1523	1515
1524	1516
1525	1517
1526	1518
1527	1519
1528	1520
1529	1521
1530	1522
1531	1523
1532	1524
1533	1525
1534	1526
1535	1527
1536	1528
1537	1529
1538	1530
1539	1531
1540	1532
1541	1533
1542	1534
1543	1535
1544	deleted
1545	1537
1546	1538
1547	1539
1548	1540
1549	1541
1550	1542
1551	1543
1552	1544
1553	1545
1554	1546
1555	1547
1556	1548
1557	1549
1558	1550
1559	1551
1560	1552
1561	1553
1562	1554
1563	1555
1564	1556
1565	1557
1566	1558
1567	1559
1568	1560
1569	1561
1570	1562
1571	1563
1572	1564
1573	1565
1574	1566
1575	1567
1576	1568
1577	1569
1578	1570
1579	1571
1580	1572
1581	1573
1582	1574
1583	1575
1584	1576
1585	1577
1586	1578
1587	1579
1588	1580
1589	1581
1590	1582
1591	1583
1592	1584
1593	1585
1594	1586
1595	1587
1596	1588
1597	1589
1598	1590
1599	1591
1600	1592
1601	1593
1602	1594
1603	1595
1604	1596
1605	1597
1606	1598
1607	1599
1608	1600
1609	1601
1610	1602
1611	1603
1612	1604
1613	1605
1614	1606
1615	1607
1616	1608
1617	1609
1618	1610
1619	1611
1620	1612
1621	1613
1622	1614
1623	1615
1624	1616
1625	1617
1626	1618
1627	1619
1628	1620
1629	1621
1630	1622
1631	1623
1632	1624
1633	1625
1634	1626
1635	deleted
1636	1627
1637	1628
1638	1629
1639	1630
1640	1631
1641	1632
1642	1633
1643	1634
1644	1635
1645	1636
1646	1637
1647	1638
1648	1639
1649	1640
1650	1641
1651	1642
1652	1643
1653	1644
1654	1645
1655	1646
1656	1647
1657	1648
1658	1649
1659	1650
1660	1651
1661	1652
1662	1653
1663	1654
1664	1655
1665	deleted
1666	1656
1667	1657
1668	1658
1669	1659
1670	1660
1671	1661
1672	1662
1673	1663
1674	deleted
1675	1665
1676	1666
1677	1667
1678	1668
1679	1669
1680	1670
1681	1671
1682	1672
1683	1673
1684	1674
1685	1675
1686	1676
1687	1677
1688	1678
1689	1679
1690	1680
1691	1681
1692	1682
1693	1683
1694	1684
1695	1685
1696	1686
1697	1687
1698	1688
1699	1689
1700	1690
1701	1691
1702	1692
1703	1693
1704	1694
1705	1695
1706	1696
1707	1697
1708	1698
1709	1699
1710	1700
1711	1701
1712	1702
1713	1703
1714	1704
1715	1705
1716	1706
1717	1707
1718	1708
1719	1709
1720	1710
1721	1711
1722	1712
1723	1713
1724	1714
1725	deleted
1726	1716
1727	1717
1728	1718
1729	1719
1730	1720
1731	1721
1732	1722
1733	1723
1734	1724
1735	1725
1736	1726
1737	1727
1738	1728
1739	1729
1740	1730
1741	1731
1742	1732
1743	1733
1744	1734
1745	1735
1746	1736
1747	1737
1748	1738
1749	1739
1750	1740
1751	1741
1752	1742
1753	1743
1754	1744
1755	1745
1756	1746
1757	1747
1758	1748
1759	1750
1760	1751
1761	1752
1762	1753
1763	1754
1764	1755
1765	1756
1766	1757
1767	1758
1768	1760
1769	1761
1770	1762
1771	1763
1772	1764
1773	1765
1774	1766
1775	1767
1776	1768
1777	1769
1778	1770
1779	1771
1780	1772
1781	1773
1782	1774
1783	1775
1784	1776
1785	1777
1786	1778
1787	1779
1788	1780
1789	1781
1790	1783
1791	1784
1792	1785
1793	1786
1794	1787
1795	1788
1796	1789
1797	1790
1798	1792
1799	1793
1800	1794
1801	1795
1802	1796
1803	1797
1804	1798
1805	1799
1806	1800
1807	1801
1808	1802
1809	1803
1810	1804
1811	1805
1812	1806
1813	deleted
1814	1808
1815	1809
1816	1810
1817	1811
1818	1812
1819	1813
1820	1814
1821	1815
1822	1816
1823	1817
1824	1818
1825	1819
1826	deleted
1827	1820
1828	1821
1829	1822
1830	1823
1831	1824
1832	1825
1833	1826
1834	1827
1835	1828
1836	1829
1837	1830
1838	1831
1839	1832
1840	1833
1841	1834
1842	1835
1843	1836
1844	1837
1845	1838
1846	1839
1847	1840
1848	deleted
1849	1842
1850	1843
1851	1844
1852	1845
1853	1846
1854	1847
1855	1848
1856	1849
1857	1850
1858	1851
1859	1852
1860	1853
1861	1854
1862	1855
1863	1856
1864	1857
1865	1858
1866	1859
1867	1860
1868	1861
1869	1862
1870	1863
1871	1864
1872	1865
1873	1866
1874	1867
1875	1868
1876	1869
1877	1870
1878	deleted
1879	1872
1880	1873
1881	1874
1882	1875
1883	1877
1884	1878
1885	1879
1886	1880
1887	1881
1888	1882
1889	1883
1890	1884
1891	1885
1892	1886
1893	1887
1894	1888
1895	1889
1896	1890
1897	1891
1898	1892
1899	1893
1900	1894
1901	1895
1902	1896
1903	1897
1904	1898
1905	1899
1906	1900
1907	1901
1908	1902
1909	1903
1910	1904
1911	1905
1912	1906
1913	1907
1914	1908
1915	1909
1916	1910
1917	1911
1918	1912
1919	1913
1920	1914
1921	1915
1922	1916
1923	1917
1924	1918
1925	1919
1926	1920
1927	1921
1928	1922
1929	1923
1930	1924
1931	1925
1932	1926
1933	1927
1934	1928
1935	1929
1936	1930
1937	1931
1938	1932
1939	1933
1940	1934
1941	1935
1942	1936
1943	1937
1944	1939
1945	1940
1946	1941
1947	1942
1948	1943
1949	1944
1950	1945
1951	1946
1952	1947
1953	1949
1954	1950
1955	1951
1956	1952
1957	1953
1958	1954
1959	1955
1960	1956
1961	deleted
1962	1958
1963	1959
1964	1960
1965	1961
1966	1962
1967	1963
1968	1964
1969	deleted
1970	1965
1971	1966
1972	1967
1973	1968
1974	1969
1975	1970
1976	1971
1977	1972
1978	1973
1979	1974
1980	1975
1981	1976
1982	1977
1983	1978
1984	1979
1985	1980
1986	1981
1987	1982
1988	1983
1989	1984
1990	1985
1991	1986
1992	1987
1993	1988
1994	1989
1995	1990
1996	1991
1997	1992
1998	1993
1999	1994
2000	1995
2001	1996
2002	1997
2003	1998
2004	1999
2005	2001
2006	2002
2007	2003
2008	2004
2009	2005
2010	2006
2011	2007
2012	2008
2013	2009
2014	2010
2015	2011
2016	2012
2017	2013
2018	2014
2019	2015
2020	2016
2021	2017
2022	2018
2023	2019
2024	2020
2025	2021
2026	2022
2027	2023
2028	2024
2029	2025
2030	2026
2031	2027
2032	2028
2033	2029
2034	2030
2035	2031
2036	2032
2037	2033
2038	2034
2039	2036
2040	2037
2041	2038
2042	2039
2043	2040
2044	2041
2045	2042
2046	2043
2047	2044
2048	2045
2049	2046
2050	2047
2051	2048
2052	2049
2053	2050
2054	2051
2055	2052
2056	2053
2057	2054
2058	2055
2059	2056
2060	2057
2061	2058
2062	2059
2063	2060
2064	2061
2065	2062
2066	2063
2067	2064
2068	2065
2069	2066
2070	2067
2071	2068
2072	2069
2073	2070
2074	2071
2075	2072
2076	2073
2077	2074
2078	2075
2079	2076
2080	2077
2081	2078
2082	2079
2083	2080
2084	2081
2085	2082
2086	2083
2087	2084
2088	2085
2089	2086
2090	2087
2091	2088
2092	2089
2093	2090
2094	2091
2095	deleted
2096	2092
2097	2093
2098	2094
2099	2095
2100	2096
2101	2097
2102	2098
2103	2099
2104	2100
2105	2101
2106	2102
2107	2103
2108	2104
2109	2105
2110	2106
2111	2107
2112	2108
2113	2109
2114	2110
2115	2111
2116	2112
2117	2113
2118	2114
2119	2115
2120	2116
2121	2117
2122	2118
2123	2119
2124	2120
2125	2121
2126	2122
2127	2123
2128	2124
2129	2125
2130	2126
2131	2127
2132	2128
2133	2129
2134	2130
2135	2131
2136	2132
2137	2133
2138	2134
2139	2135
2140	2136
2141	2137
2142	2138
2143	2139
2144	2140
2145	2141
2146	2142
2147	2143
2148	2144
2149	2145
2150	2146
2151	2147
2152	2148
2153	2149
2154	2151
2155	2152
2156	2153
2157	2154
2158	2155
2159	2156
2160	2157
2161	2158
2162	2159
2163	2160
2164	2161
2165	2162
2166	2163
2167	2164
2168	2165
2169	2166
2170	2167
2171	2168
2172	2169
2173	2170
2174	2171
2175	2172
2176	2173
2177	2174
2178	2175
2179	2176
2180	2177
2181	2178
2182	2179
2183	2180
2184	2181
2185	2182
2186	2183
2187	2184
2188	2185
2189	2186
2190	2187
2191	2188
2192	2189
2193	2190
2194	2191
2195	2192
2196	2193
2197	2194
2198	2195
2199	2196
2200	2197
2201	2198
2202	2199
2203	2200
2204	2201
2205	2202
2206	2203
2207	2204
2208	2205
2209	2206
2210	2207
2211	2208
2212	2209
2213	2210
2214	2211
2215	2212
2216	2213
2217	2214
2218	2215
2219	2216
2220	2217
2221	2218
2222	2219
2223	2220
2224	2221
2225	2222
2226	2223
2227	2224
2228	2225
2229	2226
2230	2227
2231	2228
2232	2229
2233	2230
2234	2231
2235	2232
2236	2233
2237	2234
2238	2235
2239	2236
2240	2237
2241	2238
2242	2239
2243	2240
2244	2241
2245	2242
2246	2243
2247	2244
2248	2245
2249	2246
2250	2247
2251	2248
2252	2249
2253	2250
2254	2251
2255	2252
2256	2253
2257	2254
2258	2255
2259	2256
2260	2257
2261	2259
2262	2260
2263	2261
2264	2262
2265	2263
2266	2264
2267	2265
2268	2266
2269	2267
2270	2268
2271	2269
2272	2270
2273	2271
2274	2272
2275	2273
2276	2274
2277	2275
2278	2276
2279	2277
2280	deleted
2281	2278
2282	2279
2283	2280
2284	2281
2285	2282
2286	2283
2287	2284
2288	2285
2289	2286
2290	2287
2291	2288
2292	2289
2293	2290
2294	2291
2295	2292
2296	2293
2297	2294
2298	2295
2299	2296
2300	2297
2301	2298
2302	2299
2303	2300
2304	2301
2305	2302
2306	2303
2307	2304
2308	2305
2309	2306
2310	2307
2311	2308
2312	2309
2313	2310
2314	deleted
2315	2311
2316	2312
2317	2313
2318	2314
2319	2315
2320	2316
2321	2317
2322	2318
2323	2319
2324	2320
2325	2321
2326	2322
2327	2323
2328	2324
2329	2325
2330	2326
2331	2327
2332	2328
2333	2329
2334	2330
2335	2331
2336	2332
2337	2333
2338	2334
2339	2335
2340	2336
2341	2337
2342	2338
2343	2339
2344	2340
2345	2341
2346	2342
2347	2343
2348	2344
2349	2345
2350	2346
2351	2347
2352	2348
2353	2349
2354	2350
2355	2351
2356	2352
2357	2353
2358	2354
2359	2355
2360	2356
2361	2357
2362	2358
2363	2359
2364	2360
2365	2361
2366	2362
2367	2363
2368	2364
2369	2365
2370	2366
2371	2367
2372	2368
2373	2369
2374	2370
2375	2371
2376	2372
2377	2373
2378	2374
2379	2375
2380	2376
2381	2377
2382	2378
2383	2379
2384	2380
2385	2381
2386	2382
2387	2383
2388	2384
2389	2385
2390	2386
2391	2387
2392	2388
2393	2389
2394	2390
2395	2391
2396	2392
2397	2393
2398	2394
2399	2395
2400	2396
2401	2397
2402	2398
2403	2399
2404	2400
2405	2401
2406	2402
2407	2403
2408	2404
2409	2405
2410	2406
2411	2407
2412	2408
2413	2409
2414	2410
2415	2411
2416	2412
2417	2413
2418	2414
2419	2415
2420	2416
2421	2418
2422	2419
2423	2420
2424	2421
2425	2422
2426	2423
2427	2424
2428	2425
2429	2426
2430	2427
2431	deleted
2432	2429
2433	2430
2434	2431
2435	2432
2436	2433
2437	2434
2438	2435
2439	2436
2440	2437
2441	2438
2442	2439
2443	2440
2444	2441
2445	2442
2446	2443
2447	2444
2448	2445
2449	deleted
2450	2446
2451	2447
2452	2448
2453	2449
2454	2450
2455	2451
2456	2452
2457	2453
2458	2454
2459	2455
2460	2456
2461	2457
2462	2458
2463	2459
2464	2460
2465	2461
2466	2462
2467	2463
2468	2464
2469	2465
2470	2466
2471	2467
2472	2468
2473	2469
2474	2470
2475	2471
2476	2472
2477	2473
2478	2474
2479	2475
2480	2476
2481	2477
2482	2478
2483	2479
2484	2480
2485	2481
2486	2482
2487	2483
2488	2484
2489	2485
2490	2486
2491	2487
2492	2488
2493	2489
2494	2490
2495	2491
2496	2492
2497	2493
2498	2495
2499	2496
2500	2497
2501	2498
2502	2499
2503	2500
2504	2501
2505	2502
2506	2503
2507	2504
2508	2505
2509	2506
2510	2507
2511	2508
2512	2509
2513	2510
2514	2511
2515	2512
2516	2513
2517	2514
2518	2515
2519	2516
2520	2517
2521	2518
2522	2519
2523	2520
2524	2521
2525	2522
2526	2523
2527	2524
2528	2525
2529	2526
2530	2527
2531	2528
2532	2529
2533	2530
2534	2531
2535	2532
2536	2533
2537	2534
2538	2535
2539	2536
2540	2537
2541	2538
2542	2539
2543	2540
2544	2541
2545	2542
2546	2543
2547	2544
2548	2545
2549	2546
2550	2547
2551	2548
2552	2549
2553	2550
2554	2551
2555	2552
2556	2553
2557	2554
2558	2555
2559	2556
2560	2557
2561	2558
2562	2559
2563	2560
2564	2561
2565	2562
2566	2563
2567	2564
2568	2565
2569	2566
2570	2567
2571	deleted
2572	2568
2573	2569
2574	2570
2575	2571
2576	2572
2577	2573
2578	2575
2579	2576
2580	2577
2581	2578
2582	2579
2583	2580
2584	2581
2585	2582
2586	2583
2587	2584
2588	2585
2589	2586
2590	2587
2591	2588
2592	2589
2593	2590
2594	2591
2595	2592
2596	2593
2597	2594
2598	2595
2599	2596
2600	2597
2601	2598
2602	2599
2603	2600
2604	2601
2605	2602
2606	2603
2607	2604
2608	2605
2609	2606
2610	2607
2611	2608
2612	2609
2613	2610
2614	2611
2615	2612
2616	2613
2617	2614
2618	deleted
2619	2616
2620	2617
2621	2618
2622	2619
2623	2620
2624	2621
2625	2622
2626	2623
2627	2624
2628	2625
2629	2626
2630	2627
2631	2628
2632	2629
2633	2630
2634	2631
2635	2632
2636	2633
2637	2634
2638	2635
2639	2636
2640	2637
2641	2638
2642	2639
2643	2640
2644	2641
2645	2642
2646	2643
2647	2644
2648	2645
2649	2646
2650	2647
2651	2648
2652	2649
2653	2650
2654	2651
2655	2652
2656	2653
2657	2654
2658	2655
2659	2656
2660	2657
2661	2658
2662	2659
2663	2660
2664	2661
2665	2662
2666	2663
2667	2664
2668	2665
2669	2666
2670	2667
2671	2668
2672	2669
2673	2670
2674	2671
2675	2672
2676	2673
2677	2674
2678	2675
2679	2676
2680	2678
2681	2679
2682	2680
2683	2681
2684	2682
2685	2683
2686	2684
2687	2685
2688	2686
2689	2687
2690	2688
2691	2689
2692	2690
2693	2691
2694	2692
2695	2693
2696	2694
2697	2695
2698	2696
2699	2697
2700	2698
2701	2699
2702	2700
2703	2701
2704	2702
2705	2703
2706	2704
2707	2705
2708	2706
2709	2707
2710	2708
2711	2709
2712	2710
2713	2711
2714	2712
2715	2713
2716	2714
2717	2715
2718	2716
2719	2717
2720	2718
2721	2719
2722	2720
2723	2721
2724	2722
2725	2723
2726	2724
2727	2725
2728	2726
2729	2727
2730	2728
2731	2729
2732	2730
2733	2731
2734	2732
2735	2733
2736	2734
2737	2735
2738	2736
2739	2737
2740	2738
2741	2739
2742	2740
2743	2741
2744	2742
2745	2743
2746	2744
2747	2745
2748	2746
2749	2747
2750	2748
2751	2749
2752	2750
2753	2751
2754	2752
2755	2753
2756	2754
2757	2755
2758	2756
2759	2757
2760	2758
2761	2759
2762	2760
2763	2761
2764	2762
2765	2763
2766	2764
2767	2765
2768	2766
2769	2767
2770	2768
2771	2769
2772	2770
2773	2771
2774	2772
2775	2773
2776	2774
2777	2775
2778	2776
2779	2777
2780	2778
2781	2779
2782	2780
2783	2781
2784	2782
2785	2783
2786	2784
2787	2785
2788	2786
2789	2787
2790	2788
2791	2789
2792	2790
2793	2791
2794	2792
2795	2793
2796	2794
2797	2795
2798	2796
2799	2797
2800	2798
2801	2799
2802	2800
2803	2801
2804	2802
2805	2803
2806	2804
2807	2805
2808	2806
2809	2807
2810	2808
2811	2809
2812	2810
2813	2811
2814	2812
2815	2813
2816	2814
2817	2815
2818	2816
2819	2817
2820	2818
2821	2819
2822	2820
2823	2821
2824	2822
2825	2823
2826	2824
2827	2825
2828	2826
2829	2827
2830	2828
2831	2829
2832	2830
2833	2831
2834	2832
2835	2833
2836	2834
2837	2835
2838	2836
2839	2837
2840	2838
2841	2839
2842	2840
2843	2841
2844	2842
2845	2843
2846	2844
2847	2845
2848	2846
2849	deleted
2850	2848
2851	2849
2852	2850
2853	2851
2854	2852
2855	2853
2856	2854
2857	2855
2858	2856
2859	2857
2860	2858
2861	2859
2862	2860
2863	2861
2864	2862
2865	2863
2866	2864
2867	2865
2868	2866
2869	2867
2870	2868
2871	2869
2872	2870
2873	2871
2874	2872
2875	2873
2876	2874
2877	2875
2878	2876
2879	2877
2880	2878
2881	2879
2882	2880
2883	2881
2884	2882
2885	2883
2886	2884
2887	2885
2888	2886
2889	2887
2890	2888
2891	2889
2892	2890
2893	2891
2894	2892
2895	2893
2896	2894
2897	2895
2898	2896
2899	2897
2900	2898
2901	2899
2902	2900
2903	2901
2904	2902
2905	2903
2906	2904
2907	2905
2908	2906
2909	2907
2910	2908
2911	2909
2912	2910
2913	2911
2914	2912
2915	2913
2916	2914
2917	2915
2918	2916
2919	2917
2920	2918
2921	2919
2922	2920
2923	2921
2924	2922
2925	2923
2926	2924
2927	2925
2928	2926
2929	2927
2930	2928
2931	2929
2932	2930
2933	2931
2934	2932
2935	2933
2936	2934
2937	2935
2938	2936
2939	2937
2940	2938
2941	2939
2942	2940
2943	2941
2944	2942
2945	2943
2946	2944
2947	deleted
2948	2945
2949	2946
2950	2947
2951	2948
2952	2949
2953	2950
2954	2951
2955	2952
2956	2953
2957	2954
2958	2955
2959	2956
2960	2957
2961	2958
2962	2959
2963	2960
2964	2961
2965	2962
2966	2963
2967	2964
2968	2965
2969	2966
2970	2967
2971	2968
2972	2969
2973	2970
2974	2971
2975	2972
2976	2973
2977	2974
2978	2975
2979	2976
2980	2977
2981	2978
2982	2979
2983	deleted
2984	2980
2985	2981
2986	2982
2987	2983
2988	2984
2989	2985
2990	2986
2991	2987
2992	2988
2993	2989
2994	2990
2995	2991
2996	2992
2997	2993
2998	2994
2999	2995
3000	2996
3001	2997
3002	2998
3003	2999
3004	3000
3005	3001
3006	3002
3007	3003
3008	3004
3009	3005
3010	3006
3011	3007
3012	3008
3013	3009
3014	3010
3015	3011
3016	3012
3017	3013
3018	3014
3019	3015
3020	3016
3021	3017
3022	3018
3023	3019
3024	3020
3025	3021
3026	3022
3027	3023
3028	3024
3029	3025
3030	3026
3031	3027
3032	3028
3033	3029
3034	3030
3035	3031
3036	3032
3037	3033
3038	3034
3039	3035
3040	3036
3041	3037
3042	3038
3043	3039
3044	3040
3045	3041
3046	3042
3047	3043
3048	3044
3049	3045
3050	3046
3051	3047
3052	3048
3053	3049
3054	3051
3055	3052
3056	3053
3057	3054
3058	3055
3059	3056
3060	3057
3061	3058
3062	3059
3063	3060
3064	3061
3065	3062
3066	3063
3067	3065
3068	3066
3069	3067
3070	3068
3071	3069
3072	3070
3073	3071
3074	3072
3075	3073
3076	3074
3077	3075
3078	3076
3079	3077
3080	3078
3081	3079
3082	3080
3083	3081
3084	deleted
3085	3082
3086	3083
3087	3084
3088	3085
3089	3086
3090	3087
3091	3088
3092	3089
3093	3090
3094	3091
3095	3092
3096	3093
3097	3094
3098	3095
3099	3096
3100	3097
3101	3098
3102	3099
3103	3100
3104	3101
3105	3102
3106	3103
3107	3104
3108	3105
3109	3106
3110	3107
3111	3108
3112	3109
3113	3110
3114	3111
3115	3112
3116	3113
3117	3114
3118	3115
3119	3116
3120	3117
3121	3118
3122	3119
3123	3120
3124	3121
3125	3122
3126	3123
3127	3124
3128	3125
3129	3126
3130	3127
3131	3128
3132	3129
3133	3130
3134	3131
3135	3132
3136	3133
3137	3134
3138	3135
3139	3136
3140	3137
3141	3138
3142	3139
3143	3140
3144	3141
3145	3142
3146	3143
3147	3144
3148	3145
3149	3146
3150	3147
3151	3148
3152	3149
3153	3150
3154	3151
3155	3152
3156	3153
3157	3154
3158	3155
3159	3156
3160	3157
3161	3158
3162	3159
3163	3160
3164	3161
3165	3162
3166	3163
3167	3164
3168	3165
3169	3166
3170	3167
3171	3168
3172	3169
3173	3170
3174	3171
3175	3172
3176	3173
3177	3174
3178	3175
3179	3176
3180	3177
3181	3178
3182	3179
3183	3180
3184	3181
3185	3182
3186	3183
3187	3184
3188	3185
3189	3186
3190	3187
3191	3188
3192	3189
3193	3190
3194	3191
3195	3192
3196	3193
3197	3194
3198	3195
3199	3196
3200	3197
3201	3198
3202	3199
3203	3200
3204	3201
3205	3202
3206	3203
3207	3204
3208	3205
3209	3206
3210	3207
3211	3208
3212	3209
3213	3210
3214	3211
3215	3212
3216	3213
3217	3214
3218	3215
3219	3216
3220	3217
3221	3218
3222	3219
3223	3220
3224	3221
3225	3222
3226	3223
3227	3224
3228	3225
3229	3226
3230	3227
3231	3228
3232	3229
3233	3230
3234	3231
3235	3232
3236	3233
3237	3234
3238	3235
3239	3236
3240	3237
3241	3238
3242	3239
3243	3240
3244	3241
3245	3242
3246	3243
3247	3244
3248	3245
3249	3246
3250	3247
3251	3248
3252	3249
3253	3250
3254	3251
3255	deleted
3256	3252
3257	3253
3258	3254
3259	3255
3260	3256
3261	3257
3262	3258
3263	3259
3264	3260
3265	3261
3266	3262
3267	3263
3268	3264
3269	3265
3270	3266
3271	3267
3272	3268
3273	3269
3274	3270
3275	3271
3276	3272
3277	3273
3278	3274
3279	3275
3280	3276
3281	3277
3282	3278
3283	3279
3284	3280
3285	3281
3286	3282
3287	3283
3288	3284
3289	3285
3290	3286
3291	3287
3292	3288
3293	3289
3294	3290
3295	3291
3296	3292
3297	3293
3298	3294
3299	3295
3300	3296
3301	3297
3302	3298
3303	3300
3304	3301
3305	3302
3306	3303
3307	3304
3308	3305
3309	3306
3310	3307
3311	3308
3312	3309
3313	3310
3314	3311
3315	3312
3316	3313
3317	3314
3318	3315
3319	3316
3320	3317
3321	3318
3322	3319
3323	3320
3324	3321
3325	3322
3326	3323
3327	3324
3328	3325
3329	3326
3330	3327
3331	3328
3332	3329
3333	3330
3334	3331
3335	3332
3336	3333
3337	3334
3338	3335
3339	3336
3340	3337
3341	3338
3342	3339
3343	3340
3344	3341
3345	3342
3346	3343
3347	3344
3348	3345
3349	3346
3350	3347
3351	3348
3352	3349
3353	3350
3354	3351
3355	3352
3356	3353
3357	3354
3358	3355
3359	deleted
3360	3356
3361	3357
3362	3358
3363	3359
3364	3360
3365	3361
3366	3362
3367	3363
3368	3364
3369	3365
3370	3366
3371	3367
3372	3368
3373	3369
3374	3370
3375	3371
3376	3372
3377	3373
3378	3374
3379	3375
3380	3376
3381	3377
3382	3378
3383	3379
3384	3380
3385	3381
3386	3382
3387	3383
3388	3384
3389	3385
3390	deleted
3391	3387
3392	3388
3393	3389
3394	3390
3395	3391
3396	3392
3397	3393
3398	3394
3399	3395
3400	3396
3401	3397
3402	3398
3403	deleted
3404	3400
3405	3401
3406	3402
3407	3403
3408	3404
3409	3405
3410	3406
3411	3407
3412	3408
3413	3409
3414	3410
3415	3411
3416	3412
3417	3413
3418	3414
3419	3415
3420	3416
3421	3417
3422	3418
3423	3419
3424	3420
3425	3421
3426	3422
3427	3423
3428	3424
3429	3425
3430	3426
3431	deleted
3432	deleted
3433	3427
3434	3428
3435	3429
3436	3430
3437	3431
3438	3432
3439	3433
3440	3434
3441	3435
3442	3436
3443	deleted
3444	3438
3445	3439
3446	3440
3447	3441
3448	3442
3449	3443
3450	3444
3451	3445
3452	3446
3453	3447
3454	3448
3455	3449
3456	3450
3457	3451
3458	3452
3459	3453
3460	3454
3461	3455
3462	3456
3463	3457
3464	deleted
3465	3458
3466	3459
3467	3460
3468	3461
3469	3462
3470	3463
3471	3464
3472	3465
3473	3466
3474	3467
3475	3468
3476	3469
3477	3470
3478	3471
3479	3472
3480	3473
3481	3474
3482	3475
3483	3476
3484	3477
3485	3478
3486	3479
3487	3480
3488	3481
3489	3482
3490	3483
3491	3484
3492	3485
3493	3486
3494	3487
3495	3488
3496	3489
3497	3490
3498	3491
3499	3492
3500	3493
3501	3494
3502	3495
3503	3496
3504	3497
3505	3498
3506	3499
3507	3500
3508	3501
3509	3502
3510	3503
3511	3504
3512	3505
3513	3506
3514	3507
3515	3508
3516	3509
3517	3510
3518	3511
3519	3512
3520	3513
3521	3514
3522	3515
3523	3516
3524	3517
3525	3518
3526	3519
3527	3520
3528	3521
3529	3522
3530	3523
3531	3524
3532	3525
3533	3526
3534	3527
3535	3528
3536	3529
3537	3530
3538	3531
3539	3532
3540	3533
3541	3534
3542	3535
3543	3536
3544	3537
3545	3539
3546	3540
3547	3541
3548	3542
3549	3543
3550	3544
3551	3545
3552	3546
3553	3547
3554	3548
3555	3549
3556	3550
3557	3551
3558	3552
3559	3553
3560	3554
3561	3555
3562	3556
3563	3557
3564	3558
3565	3559
3566	3560
3567	3561
3568	3562
3569	3563
3570	3564
3571	3566
3572	3567
3573	3568
3574	3569
3575	3570
3576	3571
3577	3572
3578	3573
3579	3574
3580	3575
3581	3576
3582	3577
3583	3578
3584	3579
3585	3580
3586	3581
3587	3582
3588	3583
3589	3584
3590	deleted
3591	3585
3592	3586
3593	3587
3594	3588
3595	3589
3596	3590
3597	3591
3598	3592
3599	3593
3600	3594
3601	3595
3602	3596
3603	3597
3604	3598
3605	3599
3606	3600
3607	3601
3608	3602
3609	3603
3610	3604
3611	3605
3612	3606
3613	3607
3614	3608
3615	3609
3616	3610
3617	3611
3618	3612
3619	3613
3620	3614
3621	3615
3622	3616
3623	3617
3624	3618
3625	3619
3626	3620
3627	3621
3628	3622
3629	3623
3630	3624
3631	3625
3632	3626
3633	3627
3634	3628
3635	3629
3636	3630
3637	3631
3638	3632
3639	3633
3640	3634
3641	3635
3642	3636
3643	3637
3644	3638
3645	3639
3646	3640
3647	3641
3648	3642
3649	3643
3650	3644
3651	3645
3652	3646
3653	3647
3654	3648
3655	3649
3656	3650
3657	3651
3658	3652
3659	3653
3660	3654
3661	3655
3662	3656
3663	3657
3664	3658
3665	3659
3666	3660
3667	3661
3668	3662
3669	3664
3670	3665
3671	3666
3672	3667
3673	3668
3674	3669
3675	3670
3676	3671
3677	3672
3678	3673
3679	3674
3680	3675
3681	3676
3682	3677
3683	3678
3684	3679
3685	3680
3686	3681
3687	3682
3688	3683
3689	3684
3690	3685
3691	3686
3692	3687
3693	3688
3694	3689
3695	3690
3696	3691
3697	3692
3698	3693
3699	3694
3700	3695
3701	3696
3702	3697
3703	3698
3704	3699
3705	3700
3706	3701
3707	3702
3708	3703
3709	3704
3710	3705
3711	3706
3712	3707
3713	3708
3714	3709
3715	3710
3716	3711
3717	3712
3718	3713
3719	3714
3720	3715
3721	3716
3722	3717
3723	3718
3724	3719
3725	3720
3726	3721
3727	3722
3728	3723
3729	deleted
3730	3724
3731	3725
3732	3726
3733	3727
3734	3728
3735	3729
3736	deleted
3737	3730
3738	3731
3739	3732
3740	3733
3741	3734
3742	3735
3743	3736
3744	3737
3745	3738
3746	3739
3747	3740
3748	3741
3749	3742
3750	3743
3751	3744
3752	3745
3753	3746
3754	3747
3755	3748
3756	3749
3757	3750
3758	3751
3759	3752
3760	3753
3761	3754
3762	3755
3763	3756
3764	3757
3765	3758
3766	3759
3767	3760
3768	3761
3769	3762
3770	3763
3771	3764
3772	3765
3773	3766
3774	3767
3775	3768
3776	3769
3777	3770
3778	3771
3779	3772
3780	3773
3781	3775
3782	3776
3783	3777
3784	3778
3785	3779
3786	3780
3787	3781
3788	3782
3789	3783
3790	3784
3791	3785
3792	3786
3793	3787
3794	3788
3795	3789
3796	3790
3797	3791
3798	3792
3799	3793
3800	3794
3801	3795
3802	3796
3803	3797
3804	3798
3805	3799
3806	3800
3807	3801
3808	3802
3809	3803
3810	3804
3811	3805
3812	3806
3813	3807
3814	3808
3815	3809
3816	3810
3817	3811
3818	3812
3819	3813
3820	3814
3821	3815
3822	3816
3823	3817
3824	3818
3825	3819
3826	3820
3827	3821
3828	3822
3829	3823
3830	3824
3831	3825
3832	3826
3833	3827
3834	3828
3835	3829
3836	3830
3837	3831
3838	3832
3839	3833
3840	3834
3841	deleted
3842	3835
3843	3836
3844	3837
3845	deleted
3846	3839
3847	3840
3848	3841
3849	3842
3850	3843
3851	3844
3852	3845
3853	3846
3854	3847
3855	3848
3856	3849
3857	3850
3858	3851
3859	3852
3860	3853
3861	3854
3862	3855
3863	3856
3864	3857
3865	3858
3866	3859
3867	3860
3868	3861
3869	3862
3870	3863
3871	3864
3872	3865
3873	3866
3874	3867
3875	3868
3876	3869
3877	3870
3878	3871
3879	3872
3880	3873
3881	3874
3882	3875
3883	3876
3884	3877
3885	3878
3886	3879
3887	3880
3888	3881
3889	3882
3890	3883
3891	3884
3892	3885
3893	3886
3894	3887
3895	3888
3896	3889
3897	deleted
3898	3890
3899	3891
3900	3892
3901	3893
3902	3894
3903	3895
3904	3896
3905	3897
3906	3898
3907	3899
3908	3900
3909	3901
3910	3902
3911	3903
3912	3904
3913	3905
3914	3906
3915	3907
3916	3908
3917	3909
3918	3910
3919	3911
3920	3912
3921	3913
3922	3914
3923	3915
3924	3916
3925	3917
3926	3918
3927	3919
3928	3920
3929	3921
3930	3922
3931	3923
3932	3924
3933	3925
3934	3926
3935	3927
3936	3928
3937	3929
3938	3930
3939	3931
3940	3932
3941	3933
3942	3934
3943	3935
3944	3936
3945	3937
3946	3938
3947	3939
3948	3940
3949	3941
3950	3942
3951	3943
3952	3944
3953	3945
3954	3946
3955	3947
3956	3948
3957	3949
3958	3950
3959	3951
3960	3952
3961	3953
3962	3954
3963	3955
3964	3956
3965	3957
3966	3958
3967	3959
3968	3960
3969	3961
3970	3962
3971	3963
3972	3964
3973	3965
3974	3966
3975	3967
3976	3968
3977	3969
3978	3970
3979	3971
3980	3972
3981	3973
3982	3974
3983	3975
3984	3976
3985	3977
3986	3978
3987	3979
3988	3980
3989	3981
3990	3982
3991	3983
3992	3984
3993	3985
3994	3986
3995	3987
3996	3988
3997	3989
3998	3990
3999	3991
4000	3992
4001	3993
4002	3994
4003	3995
4004	3996
4005	3997
4006	3998
4007	3999
4008	4000
4009	4001
4010	4002
4011	4003
4012	4004
4013	4005
4014	4006
4015	4007
4016	4008
4017	4009
4018	4010
4019	4011
4020	4012
4021	4013
4022	4014
4023	deleted
4024	4015
4025	4016
4026	4017
4027	4018
4028	4019
4029	4020
4030	4021
4031	4022
4032	4023
4033	4024
4034	4025
4035	4026
4036	4027
4037	4028
4038	4029
4039	4030
4040	4031
4041	4032
4042	4033
4043	4034
4044	4035
4045	4036
4046	4037
4047	4038
4048	4039
4049	4040
4050	4041
4051	4042
4052	4043
4053	4044
4054	4045
4055	4046
4056	4047
4057	4048
4058	4049
4059	4050
4060	4051
4061	4052
4062	4053
4063	4054
4064	4055
4065	4056
4066	4057
4067	4058
4068	4059
4069	4060
4070	4061
4071	4062
4072	4063
4073	4064
4074	4065
4075	4066
4076	4068
4077	4069
4078	4070
4079	4071
4080	4072
4081	4073
4082	4074
4083	4075
4084	4076
4085	4078
4086	4079
4087	4080
4088	4081
4089	4082
4090	4083
4091	4084
4092	4085
4093	4086
4094	4087
4095	4088
4096	4089
4097	4090
4098	4091
4099	4092
4100	4093
4101	4094
4102	deleted
4103	4096
4104	4097
4105	4098
4106	4099
4107	4100
4108	4101
4109	4102
4110	4103
4111	4104
4112	4105
4113	4106
4114	4107
4115	4108
4116	4109
4117	4110
4118	4111
4119	4112
4120	4113
4121	4114
4122	4115
4123	4116
4124	4117
4125	4118
4126	4119
4127	4120
4128	4121
4129	4122
4130	4123
4131	deleted
4132	4125
4133	4126
4134	4127
4135	4128
4136	4129
4137	4130
4138	4131
4139	4132
4140	4133
4141	4134
4142	4135
4143	4136
4144	4137
4145	4138
4146	4139
4147	4140
4148	4141
4149	4142
4150	4143
4151	4144
4152	4145
4153	4146
4154	4147
4155	4148
4156	4149
4157	4150
4158	4151
4159	4152
4160	4153
4161	4154
4162	4155
4163	4156
4164	4157
4165	4158
4166	4159
4167	4160
4168	4161
4169	4162
4170	4163
4171	4164
4172	4165
4173	4166
4174	4167
4175	4168
4176	4169
4177	4170
4178	4171
4179	4172
4180	4173
4181	4174
4182	4175
4183	4176
4184	4177
4185	4178
4186	4179
4187	4180
4188	4181
4189	4182
4190	4183
4191	4184
4192	4185
4193	4186
4194	4187
4195	4188
4196	4189
4197	4190
4198	4191
4199	4192
4200	4193
4201	4194
4202	4195
4203	4196
4204	4197
4205	4198
4206	4199
4207	4201
4208	4202
4209	4203
4210	4204
4211	4205
4212	4206
4213	4207
4214	4208
4215	4209
4216	4210
4217	4211
4218	4212
4219	4213
4220	4214
4221	4215
4222	4216
4223	4217
4224	4218
4225	4219
4226	4220
4227	4221
4228	4222
4229	4223
4230	4224
4231	4225
4232	4226
4233	4227
4234	4228
4235	4229
4236	4230
4237	4231
4238	4232
4239	4233
4240	4234
4241	4235
4242	4236
4243	4237
4244	4238
4245	4239
4246	4240
4247	4241
4248	4242
4249	4243
4250	4244
4251	4245
4252	4246
4253	4247
4254	4248
4255	4249
4256	4250
4257	4251
4258	4252
4259	4253
4260	4254
4261	4255
4262	4256
4263	4257
4264	4258
4265	4259
4266	4260
4267	4261
4268	4262
4269	4263
4270	4264
4271	4265
4272	4266
4273	4267
4274	4268
4275	4269
4276	4270
4277	4271
4278	4272
4279	4273
4280	4274
4281	4275
4282	deleted
4283	4276
4284	4277
4285	4278
4286	4279
4287	4280
4288	4281
4289	4282
4290	4283
4291	4284
4292	4285
4293	4286
4294	4287
4295	4288
4296	4289
4297	4290
4298	4291
4299	4292
4300	4293
4301	4294
4302	4295
4303	4296
4304	4297
4305	4298
4306	4299
4307	4300
4308	4301
4309	4302
4310	4303
4311	4304
4312	4305
4313	4306
4314	4307
4315	4308
4316	4309
4317	4310
4318	4311
4319	4312
4320	4313
4321	4314
4322	4315
4323	4316
4324	4317
4325	4318
4326	4319
4327	4320
4328	4321
4329	4322
4330	4323
4331	4324
4332	4325
4333	4326
4334	4327
4335	4328
4336	4329
4337	4330
4338	4331
4339	4332
4340	4333
4341	4334
4342	4335
4343	4336
4344	4337
4345	4338
4346	4339
4347	4340
4348	4341
4349	4342
4350	4343
4351	4344
4352	4345
4353	4346
4354	4347
4355	4348
4356	4349
4357	4350
4358	4351
4359	4352
4360	4353
4361	4354
4362	4355
4363	4356
4364	4357
4365	4358
4366	4359
4367	4360
4368	4361
4369	4362
4370	4363
4371	4364
4372	4366
4373	4367
4374	4368
4375	4369
4376	4370
4377	4371
4378	4372
4379	4373
4380	4374
4381	4375
4382	4376
4383	4377
4384	4378
4385	4379
4386	4380
4387	4381
4388	4382
4389	4383
4390	4384
4391	4385
4392	4386
4393	4387
4394	4388
4395	4389
4396	4390
4397	4391
4398	4392
4399	4393
4400	4394
4401	4395
4402	4396
4403	4397
4404	4398
4405	4399
4406	4400
4407	4401
4408	4402
4409	4403
4410	4404
4411	4405
4412	4406
4413	4407
4414	4408
4415	4409
4416	4410
4417	4411
4418	4412
4419	4413
4420	4414
4421	deleted
4422	4416
4423	4417
4424	4418
4425	4419
4426	4420
4427	4421
4428	4422
4429	4423
4430	4424
4431	4425
4432	4426
4433	4427
4434	4428
4435	4429
4436	4430
4437	4431
4438	4432
4439	4433
4440	4434
4441	4435
4442	4436
4443	4437
4444	4438
4445	4439
4446	4440
4447	4441
4448	4442
4449	4443
4450	4444
4451	4445
4452	4446
4453	4447
4454	4448
4455	4449
4456	4450
4457	4451
4458	4452
4459	4453
4460	4454
4461	4455
4462	4456
4463	4457
4464	4458
4465	4459
4466	4460
4467	4461
4468	4462
4469	4463
4470	4464
4471	4465
4472	4466
4473	4467
4474	4468
4475	4469
4476	4470
4477	4471
4478	4472
4479	4473
4480	deleted
4481	4474
4482	4475
4483	4476
4484	4477
4485	4478
4486	4479
4487	4480
4488	4481
4489	4482
4490	4483
4491	4484
4492	4485
4493	4486
4494	4487
4495	4488
4496	4489
4497	4490
4498	4491
4499	4492
4500	4493
4501	4494
4502	4495
4503	4496
4504	4497
4505	4498
4506	4499
4507	4500
4508	4501
4509	4502
4510	4503
4511	4504
4512	4505
4513	deleted
4514	4506
4515	4507
4516	4508
4517	4509
4518	4510
4519	4511
4520	4512
4521	4513
4522	4514
4523	4515
4524	4516
4525	4517
4526	4518
4527	4519
4528	4520
4529	4521
4530	4522
4531	4523
4532	4524
4533	4525
4534	4526
4535	4527
4536	4528
4537	4529
4538	4530
4539	4531
4540	4532
4541	4533
4542	4534
4543	4535
4544	4536
4545	4537
4546	4538
4547	4539
4548	4540
4549	4541
4550	4542
4551	4543
4552	4544
4553	4545
4554	4546
4555	4547
4556	4548
4557	4549
4558	4550
4559	4551
4560	4552
4561	4553
4562	4554
4563	4555
4564	4556
4565	4557
4566	4558
4567	4559
4568	4560
4569	4561
4570	4562
4571	4563
4572	4564
4573	4565
4574	4566
4575	4567
4576	4568
4577	4569
4578	4570
4579	4571
4580	4572
4581	4573
4582	4574
4583	4575
4584	4576
4585	4577
4586	4578
4587	4579
4588	4580
4589	4581
4590	4582
4591	4583
4592	4584
4593	4585
4594	4586
4595	4587
4596	4588
4597	4589
4598	4590
4599	4591
4600	4592
4601	4593
4602	4594
4603	4595
4604	4596
4605	4597
4606	4598
4607	4599
4608	4600
4609	4601
4610	4602
4611	4603
4612	4604
4613	4605
4614	4606
4615	4607
4616	4608
4617	4609
4618	4610
4619	4611
4620	4612
4621	4613
4622	4614
4623	4615
4624	4616
4625	4617
4626	4618
4627	4619
4628	4620
4629	4621
4630	4622
4631	4623
4632	4624
4633	4625
4634	4626
4635	4627
4636	4628
4637	4629
4638	4630
4639	4631
4640	4633
4641	4634
4642	4635
4643	4636
4644	4637
4645	4638
4646	4639
4647	4640
4648	4641
4649	deleted
4650	4642
4651	4643
4652	4644
4653	4645
4654	4646
4655	4647
4656	4648
4657	4649
4658	4650
4659	4651
4660	4652
4661	4653
4662	4654
4663	deleted
4664	4656
4665	4657
4666	4658
4667	4659
4668	4660
4669	4661
4670	4662
4671	4663
4672	4664
4673	4665
4674	4666
4675	4667
4676	4668
4677	4669
4678	4670
4679	4671
4680	4672
4681	4673
4682	4674
4683	4675
4684	4676
4685	4677
4686	4678
4687	4679
4688	4680
4689	4681
4690	4682
4691	4683
4692	4684
4693	4685
4694	4686
4695	4687
4696	4688
4697	4689
4698	4690
4699	4691
4700	4693
4701	4694
4702	4695
4703	4696
4704	4697
4705	4698
4706	4699
4707	4700
4708	4701
4709	4702
4710	4703
4711	4704
4712	4705
4713	4706
4714	4707
4715	4708
4716	4709
4717	4710
4718	4711
4719	4712
4720	4713
4721	4714
4722	4715
4723	4716
4724	4717
4725	4718
4726	4719
4727	4720
4728	4721
4729	4722
4730	4723
4731	4724
4732	4725
4733	4726
4734	4727
4735	4728
4736	4729
4737	4730
4738	4731
4739	4732
4740	4733
4741	4734
4742	4735
4743	4736
4744	4737
4745	4738
4746	4739
4747	4740
4748	4741
4749	4742
4750	4743
4751	4744
4752	4745
4753	4746
4754	4747
4755	4748
4756	4749
4757	4750
4758	4751
4759	4752
4760	4753
4761	4754
4762	4755
4763	4756
4764	4757
4765	4758
4766	4759
4767	4760
4768	4761
4769	4762
4770	4763
4771	4764
4772	4765
4773	4766
4774	4767
4775	4768
4776	4769
4777	4770
4778	4771
4779	4772
4780	4773
4781	4774
4782	4775
4783	4776
4784	4777
4785	4778
4786	4779
4787	4780
4788	4781
4789	4782
4790	4783
4791	4784
4792	4785
4793	4786
4794	4787
4795	4788
4796	4789
4797	4790
4798	4791
4799	4792
4800	4793
4801	4794
4802	4795
4803	4796
4804	4797
4805	4798
4806	4799
4807	4800
4808	4801
4809	4802
4810	4803
4811	4804
4812	4806
4813	4807
4814	4808
4815	4809
4816	4810
4817	4811
4818	4812
4819	4813
4820	4814
4821	4815
4822	4816
4823	4817
4824	4818
4825	4819
4826	4820
4827	4821
4828	4822
4829	4823
4830	4824
4831	4825
4832	4826
4833	4827
4834	4828
4835	4829
4836	4830
4837	4831
4838	4832
4839	4833
4840	4834
4841	4836
4842	4837
4843	4838
4844	4839
4845	4840
4846	4841
4847	4842
4848	4843
4849	4844
4850	deleted
4851	4846
4852	4847
4853	4848
4854	4849
4855	4850
4856	4851
4857	4852
4858	4853
4859	4854
4860	4855
4861	4856
4862	4857
4863	4858
4864	4859
4865	4860
4866	4861
4867	4862
4868	4863
4869	4864
4870	4865
4871	4866
4872	4867
4873	4868
4874	4869
4875	4870
4876	4871
4877	4872
4878	4873
4879	4874
4880	4875
4881	4876
4882	4877
4883	4878
4884	4879
4885	4880
4886	4881
4887	4882
4888	4883
4889	4884
4890	4885
4891	4886
4892	4887
4893	4888
4894	4889
4895	4890
4896	4891
4897	4892
4898	4893
4899	4894
4900	4895
4901	4896
4902	4897
4903	4898
4904	4899
4905	4900
4906	4901
4907	4902
4908	4903
4909	4904
4910	4905
4911	4906
4912	4907
4913	4908
4914	4909
4915	4910
4916	4911
4917	4912
4918	4913
4919	4914
4920	4915
4921	4916
4922	4917
4923	4918
4924	4919
4925	4920
4926	4921
4927	4922
4928	4923
4929	4924
4930	4925
4931	4926
4932	4927
4933	4928
4934	4929
4935	4930
4936	4931
4937	4932
4938	4933
4939	4934
4940	4935
4941	4936
4942	4937
4943	4938
4944	4939
4945	4940
4946	4941
4947	4942
4948	4943
4949	4944
4950	4945
4951	4946
4952	4947
4953	4948
4954	4949
4955	4950
4956	4951
4957	4952
4958	4953
4959	4954
4960	4955
4961	4956
4962	4957
4963	4958
4964	4959
4965	4960
4966	4961
4967	4962
4968	4963
4969	4964
4970	4965
4971	4966
4972	4967
4973	4968
4974	4969
4975	4970
4976	4971
4977	4972
4978	4973
4979	4974
4980	4975
4981	4976
4982	4977
4983	4978
4984	4979
4985	4980
4986	4982
4987	4983
4988	4984
4989	4985
4990	4986
4991	4987
4992	4988
4993	4989
4994	4990
4995	4991
4996	4992
4997	4993
4998	4994
4999	4995
5000	4996
5001	4997
5002	4998
5003	4999
5004	5000
5005	5001
5006	5002
5007	5003
5008	5004
5009	deleted
5010	5006
5011	5007
5012	5008
5013	5009
5014	5010
5015	5011
5016	5012
5017	5013
5018	5014
5019	5015
5020	5016
5021	5017
5022	5018
5023	5019
5024	5020
5025	5021
5026	5022
5027	5023
5028	5024
5029	5025
5030	5026
5031	5027
5032	5028
5033	5029
5034	5030
5035	5031
5036	5032
5037	5033
5038	5034
5039	5035
5040	5036
5041	5037
5042	5038
5043	5039
5044	5040
5045	5041
5046	5042
5047	5043
5048	5044
5049	5045
5050	5046
5051	5047
5052	5048
5053	5049
5054	5050
5055	5051
5056	5052
5057	5053
5058	5054
5059	5055
5060	5056
5061	5057
5062	5058
5063	5059
5064	5060
5065	5061
5066	5062
5067	5063
5068	5064
5069	5065
5070	5066
5071	5067
5072	5068
5073	5069
5074	5070
5075	5071
5076	5072
5077	5073
5078	5074
5079	deleted
5080	5076
5081	5077
5082	5078
5083	5079
5084	5080
5085	5081
5086	5082
5087	5083
5088	5084
5089	5085
5090	5086
5091	5087
5092	5088
5093	5089
5094	5090
5095	5091
5096	5092
5097	5093
5098	5094
5099	5095
5100	5096
5101	5097
5102	5098
5103	5099
5104	5100
5105	5101
5106	5102
5107	5103
5108	deleted
5109	5104
5110	5105
5111	5106
5112	5107
5113	5108
5114	5109
5115	5110
5116	5111
5117	5112
5118	5113
5119	5114
5120	5115
5121	5116
5122	5117
5123	5118
5124	5119
5125	5120
5126	5121
5127	deleted
5128	5123
5129	5124
5130	5125
5131	5126
5132	5127
5133	deleted
5134	5128
5135	5129
5136	5130
5137	5131
5138	5132
5139	5133
5140	5134
5141	5135
5142	5136
5143	5137
5144	5138
5145	5139
5146	5140
5147	5141
5148	5142
5149	5143
5150	5144
5151	5145
5152	5146
5153	5147
5154	5148
5155	5149
5156	5150
5157	5151
5158	5152
5159	5153
5160	5154
5161	5155
5162	5156
5163	5157
5164	5158
5165	5159
5166	5160
5167	5161
5168	5162
5169	5163
5170	5164
5171	5165
5172	5166
5173	5167
5174	5168
5175	5169
5176	5170
5177	5171
5178	deleted
5179	deleted
5180	5173
5181	5174
5182	5175
5183	5176
5184	5177
5185	5178
5186	5179
5187	5180
5188	5181
5189	5182
5190	5183
5191	5184
5192	5185
5193	5186
5194	5187
5195	5188
5196	5189
5197	5190
5198	5191
5199	5192
5200	5193
5201	5194
5202	5195
5203	5196
5204	5197
5205	5198
5206	5199
5207	5200
5208	5201
5209	5202
5210	5203
5211	5204
5212	5205
5213	5206
5214	5207
5215	5208
5216	5209
5217	5210
5218	5211
5219	5212
5220	5213
5221	5214
5222	5215
5223	5216
5224	5217
5225	5218
5226	5219
5227	5220
5228	5221
5229	5222
5230	5223
5231	5224
5232	5225
5233	5226
5234	5227
5235	5228
5236	5229
5237	5230
5238	5231
5239	5232
5240	5233
5241	5234
5242	5235
5243	5236
5244	5237
5245	5238
5246	5239
5247	5240
5248	5241
5249	5242
5250	5244
5251	5245
5252	5246
5253	5248
5254	5249
5255	5250
5256	5251
5257	5252
5258	5253
5259	5254
5260	5255
5261	5256
5262	deleted
5263	5258
5264	5259
5265	5260
5266	5261
5267	5262
5268	5263
5269	5264
5270	5265
5271	5266
5272	5267
5273	5268
5274	5269
5275	5270
5276	5271
5277	5272
5278	5273
5279	5274
5280	5276
5281	5277
5282	5278
5283	5279
5284	5280
5285	5281
5286	5282
5287	5283
5288	5284
5289	5285
5290	5286
5291	5287
5292	5288
5293	5289
5294	5290
5295	5291
5296	5292
5297	5293
5298	5294
5299	5295
5300	5296
5301	5297
5302	5298
5303	5299
5304	5300
5305	5301
5306	5302
5307	5303
5308	5305
5309	5306
5310	5307
5311	5308
5312	5309
5313	5310
5314	5311
5315	5312
5316	5313
5317	5314
5318	5315
5319	5316
5320	5317
5321	5318
5322	5319
5323	5320
5324	5321
5325	5322
5326	5323
5327	5324
5328	deleted
5329	deleted
5330	5326
5331	5327
5332	5328
5333	5329
5334	5330
5335	5331
5336	5332
5337	5333
5338	5334
5339	5335
5340	5336
5341	5337
5342	5338
5343	5339
5344	5340
5345	5342
5346	5343
5347	5344
5348	5345
5349	5346
5350	5347
5351	5348
5352	5349
5353	5350
5354	5351
5355	5352
5356	5353
5357	5354
5358	5355
5359	5356
5360	5357
5361	5358
5362	5359
5363	5360
5364	5361
5365	5362
5366	5363
5367	5364
5368	5365
5369	5366
5370	5367
5371	5368
5372	5369
5373	5370
5374	5371
5375	5372
5376	5373
5377	5374
5378	5375
5379	5376
5380	5377
5381	5378
5382	5379
5383	5380
5384	5381
5385	5382
5386	5384
5387	5385
5388	5386
5389	5387
5390	5388
5391	5389
5392	5390
5393	5391
5394	5392
5395	5393
5396	5394
5397	5395
5398	5396
5399	5397
5400	5398
5401	5399
5402	5400
5403	5401
5404	5402
5405	5403
5406	deleted
5407	5404
5408	5405
5409	5406
5410	5407
5411	5408
5412	5409
5413	5410
5414	5411
5415	5412
5416	5413
5417	5414
5418	5415
5419	5416
5420	5417
5421	5418
5422	5419
5423	5420
5424	5421
5425	5422
5426	5423
5427	5424
5428	5425
5429	5426
5430	5427
5431	5428
5432	5429
5433	5430
5434	5431
5435	5432
5436	5433
5437	5434
5438	5435
5439	5436
5440	5437
5441	5438
5442	5439
5443	5440
5444	5441
5445	5442
5446	5443
5447	5444
5448	5445
5449	5446
5450	5447
5451	5448
5452	5449
5453	5450
5454	5451
5455	5452
5456	5453
5457	5454
5458	5455
5459	5456
5460	5457
5461	5458
5462	5459
5463	5460
5464	5461
5465	5462
5466	5463
5467	5464
5468	5465
5469	5466
5470	5467
5471	5468
5472	5469
5473	5470
5474	5471
5475	5472
5476	5473
5477	5474
5478	5475
5479	5476
5480	5477
5481	5478
5482	5479
5483	5480
5484	5481
5485	5482
5486	5483
5487	5484
5488	5485
5489	5486
5490	5487
5491	5488
5492	5489
5493	5490
5494	5491
5495	5492
5496	5493
5497	5494
5498	5495
5499	5496
5500	5497
5501	5498
5502	5499
5503	5500
5504	5501
5505	5502
5506	5503
5507	5504
5508	5505
5509	5506
5510	5507
5511	5508
5512	5509
5513	5510
5514	5511
5515	5512
5516	5513
5517	5514
5518	5515
5519	5516
5520	5517
5521	5518
5522	5519
5523	5520
5524	5521
5525	5522
5526	5523
5527	5524
5528	5525
5529	5526
5530	5527
5531	5528
5532	5529
5533	5530
5534	5531
5535	5532
5536	5533
5537	5534
5538	5535
5539	5536
5540	deleted
5541	5538
5542	5540
5543	5541
5544	5542
5545	5543
5546	5544
5547	5545
5548	5546
5549	5547
5550	5548
5551	5549
5552	5550
5553	5551
5554	5552
5555	5553
5556	5554
5557	5555
5558	5556
5559	5557
5560	5558
5561	5559
5562	5560
5563	5561
5564	5562
5565	5563
5566	5564
5567	5565
5568	5566
5569	5567
5570	5568
5571	5569
5572	5570
5573	5571
5574	5572
5575	5573
5576	5574
5577	5575
5578	5576
5579	5577
5580	5578
5581	5579
5582	5580
5583	5581
5584	5582
5585	5583
5586	5584
5587	5585
5588	5586
5589	5587
5590	5588
5591	5589
5592	5590
5593	5591
5594	5592
5595	5593
5596	5594
5597	5595
5598	5596
5599	5597
5600	5598
5601	5599
5602	5600
5603	5601
5604	5602
5605	5603
5606	5604
5607	5605
5608	5606
5609	5607
5610	5608
5611	5609
5612	5610
5613	5611
5614	5612
5615	5613
5616	5614
5617	5615
5618	5616
5619	5617
5620	5618
5621	5619
5622	5620
5623	5621
5624	5622
5625	5623
5626	5624
5627	5625
5628	5626
5629	5627
5630	5628
5631	5630
5632	5631
5633	5632
5634	5633
5635	5634
5636	5635
5637	5636
5638	5637
5639	5638
5640	5639
5641	5640
5642	5641
5643	5642
5644	5643
5645	5644
5646	5645
5647	5646
5648	5647
5649	5648
5650	5649
5651	5650
5652	5651
5653	5652
5654	5653
5655	5654
5656	5655
5657	5656
5658	5657
5659	5658
5660	5659
5661	5660
5662	5661
5663	5662
5664	5663
5665	5664
5666	5665
5667	5666
5668	5667
5669	5668
5670	5669
5671	5670
5672	5671
5673	5672
5674	5673
5675	5674
5676	5675
5677	5676
5678	5677
5679	5678
5680	5679
5681	5680
5682	5681
5683	5682
5684	5683
5685	5684
5686	5685
5687	5686
5688	5687
5689	5688
5690	5689
5691	5690
5692	5691
5693	5692
5694	5693
5695	5694
5696	5695
5697	5696
5698	5697
5699	5698
5700	5699
5701	5700
5702	5701
5703	5702
5704	5703
5705	5704
5706	5705
5707	5706
5708	5707
5709	5708
5710	5709
5711	5710
5712	5711
5713	5712
5714	5713
5715	5714
5716	5715
5717	5716
5718	5717
5719	5718
5720	5719
5721	5720
5722	5721
5723	5722
5724	5723
5725	5724
5726	5725
5727	5726
5728	5727
5729	5728
5730	5729
5731	5730
5732	5731
5733	5732
5734	5733
5735	5734
5736	5735
5737	5736
5738	5737
5739	5738
5740	5739
5741	5740
5742	5741
5743	5742
5744	5743
5745	5744
5746	5745
5747	5746
5748	5747
5749	5748
5750	5749
5751	5750
5752	5751
5753	5752
5754	5753
5755	5754
5756	5755
5757	5756
5758	5758
5759	5759
5760	5760
5761	5761
5762	5762
5763	5763
5764	5764
5765	5765
5766	5766
5767	5767
5768	5768
5769	5769
5770	5770
5771	5771
5772	5772
5773	5773
5774	5774
5775	5775
5776	5776
5777	5777
5778	5778
5779	5779
5780	5780
5781	5781
5782	5782
5783	5783
5784	5784
5785	5785
5786	5786
5787	5787
5788	5788
5789	5789
5790	5790
5791	5791
5792	5792
5793	5793
5794	5794
5795	5795
5796	5796
5797	5797
5798	5798
5799	5799
5800	5800
5801	5801
5802	5802
5803	5803
5804	5804
5805	5805
5806	5806
5807	5807
5808	5808
5809	5809
5810	5810
5811	5811
5812	5812
5813	5813
5814	5814
5815	5815
5816	5816
5817	5817
5818	5818
5819	5819
5820	5820
5821	5821
5822	5822
5823	5823
5824	5824
5825	5825
5826	5826
5827	5827
5828	5828
5829	5829
5830	5830
5831	5831
5832	5832
5833	5833
5834	5834
5835	5835
5836	5836
5837	5837
5838	5838
5839	5839
5840	5840
5841	5841
5842	5842
5843	5843
5844	5844
5845	5845
5846	5846
5847	5847
5848	5848
5849	5849
5850	5850
5851	5851
5852	5852
5853	5853
5854	5854
5855	5855
5856	5856
5857	5857
5858	5858
5859	5859
5860	5860
5861	5861
5862	5862
5863	5863
5864	5864
5865	5865
5866	5866
5867	5867
5868	5868
5869	5869
5870	5870
5871	5871
5872	5872
5873	5873
5874	5874
5875	5875
5876	5876
5877	5877
5878	5878
5879	5879
5880	5880
5881	5881
5882	5882
5883	5883
5884	5884
5885	5885
5886	5886
5887	5887
5888	5888
5889	5889
5890	5890
5891	5891
5892	5892
5893	5893
5894	5894
5895	5895
5896	deleted
5897	5897
5898	5898
5899	5899
5900	5900
5901	5901
5902	5902
5903	5903
5904	5904
5905	5905
5906	5906
5907	5907
5908	5908
5909	5909
5910	5910
5911	5911
5912	5912
5913	5913
5914	5914
5915	5915
5916	5916
5917	5917
5918	5918
5919	5919
5920	5920
5921	5921
5922	5922
5923	5923
5924	5924
5925	5925
5926	5926
5927	5927
5928	5928
5929	5929
5930	5930
5931	5931
5932	5932
5933	5933
5934	5934
5935	deleted
5936	5935
5937	5936
5938	5937
5939	5938
5940	5939
5941	5940
5942	5941
5943	5942
5944	5943
5945	5944
5946	5945
5947	5946
5948	5947
5949	5948
5950	5949
5951	5950
5952	5951
5953	5952
5954	5953
5955	5954
5956	5955
5957	5956
5958	5957
5959	5958
5960	5959
5961	5960
5962	5961
5963	5962
5964	5963
5965	5964
5966	5965
5967	5966
5968	5967
5969	5968
5970	5969
5971	5970
5972	5971
5973	5972
5974	5973
5975	5974
5976	5975
5977	5976
5978	5977
5979	5978
5980	5979
5981	5980
5982	5981
5983	5982
5984	5983
5985	5984
5986	5985
5987	5986
5988	5987
5989	5988
5990	5989
5991	5990
5992	5991
5993	5992
5994	5993
5995	5994
5996	5995
5997	5996
5998	5997
5999	5998
6000	5999
6001	6000
6002	6001
6003	6002
6004	6003
6005	6004
6006	6005
6007	6006
6008	6007
6009	6008
6010	6009
6011	6010
6012	6011
6013	6012
6014	6013
6015	6014
6016	6015
6017	6016
6018	6017
6019	6018
6020	6019
6021	6020
6022	6021
6023	6022
6024	6023
6025	6024
6026	6025
6027	6026
6028	6027
6029	6028
6030	6029
6031	6030
6032	6031
6033	6032
6034	6033
6035	6034
6036	6035
6037	6036
6038	6037
6039	6038
6040	6039
6041	6040
6042	6041
6043	6042
6044	6043
6045	6044
6046	6045
6047	6046
6048	6047
6049	6048
6050	6049
6051	6050
6052	6051
6053	6052
6054	6053
6055	6054
6056	6055
6057	6056
6058	6057
6059	6058
6060	6059
6061	6060
6062	6061
6063	6062
6064	6063
6065	6065
6066	6066
6067	6067
6068	6068
6069	6069
6070	6070
6071	6071
6072	6072
6073	6073
6074	6074
6075	6075
6076	6076
6077	6077
6078	6078
6079	6079
6080	6080
6081	6081
6082	6082
6083	6083
6084	6084
6085	6085
6086	6086
6087	6087
6088	6088
6089	6089
6090	6090
6091	6091
6092	6092
6093	6093
6094	6094
6095	6095
6096	6096
6097	6097
6098	6098
6099	6099
6100	6100
6101	6101
6102	6102
6103	6103
6104	6104
6105	6105
6106	6106
6107	6107
6108	6108
6109	6109
6110	6110
6111	6111
6112	6112
6113	6113
6114	6114
6115	6115
6116	6116
6117	6117
6118	6118
6119	6119
6120	6120
6121	6121
6122	6122
6123	6123
6124	6124
6125	6125
6126	6126
6127	6127
6128	6128
6129	6129
6130	6130
6131	6131
6132	6132
6133	6133
6134	6134
6135	6135
6136	6136
6137	6137
6138	6138
6139	6139
6140	deleted
6141	6141
6142	6142
6143	6143
6144	6144
6145	6145
6146	6146
6147	6147
6148	6148
6149	6149
6150	6150
6151	6151
6152	6152
6153	6153
6154	deleted
6155	6155
6156	6156
6157	6157
6158	6158
6159	6159
6160	6160
6161	6161
6162	6162
6163	6163
6164	6164
6165	6165
6166	6166
6167	6167
6168	6168
6169	6169
6170	6170
6171	6171
6172	6172
6173	6173
6174	6174
6175	6175
6176	6176
6177	6177
6178	6178
6179	6179
6180	6180
6181	6181
6182	6182
6183	6183
6184	6184
6185	6185
6186	6186
6187	6187
6188	6188
6189	6189
6190	6190
6191	6191
6192	6192
6193	6193
6194	6194
6195	6196
6196	6197
6197	6198
6198	6199
6199	6200
6200	6201
6201	6202
6202	6203
6203	6204
6204	6205
6205	6206
6206	6207
6207	6208
6208	6209
6209	6210
6210	6211
6211	6212
6212	deleted
6213	6213
6214	6214
6215	6215
6216	6216
6217	6217
6218	6218
6219	6219
6220	6220
6221	6221
6222	6222
6223	6223
6224	6224
6225	6225
6226	6226
6227	6227
6228	6228
6229	6229
6230	6230
6231	6231
6232	6232
6233	6233
6234	6234
6235	6235
6236	6236
6237	6237
6238	6238
6239	6239
6240	6240
6241	6241
6242	6242
6243	6243
6244	6244
6245	6245
6246	6246
6247	6247
6248	6248
6249	6249
6250	6250
6251	6251
6252	6252
6253	6253
6254	6254
6255	6255
6256	6256
6257	6257
6258	6258
6259	6259
6260	6260
6261	6261
6262	deleted
6263	6262
6264	6263
6265	6264
6266	6265
6267	6266
6268	6267
6269	6268
6270	6269
6271	6270
6272	6271
6273	6272
6274	6273
6275	6274
6276	6275
6277	6276
6278	6277
6279	6278
6280	6279
6281	6280
6282	6281
6283	6282
6284	6283
6285	6284
6286	6285
6287	6286
6288	6287
6289	6288
6290	deleted
6291	6289
6292	6290
6293	6291
6294	6292
6295	6294
6296	6295
6297	deleted
6298	6297
6299	6298
6300	6299
6301	6300
6302	6301
6303	6302
6304	6303
6305	6304
6306	6305
6307	6306
6308	6307
6309	6308
6310	6309
6311	6310
6312	6311
6313	6312
6314	6313
6315	6314
6316	6315
6317	6316
6318	6317
6319	6318
6320	6319
6321	6320
6322	6321
6323	6322
6324	6323
6325	6324
6326	6325
6327	6326
6328	6327
6329	6328
6330	6329
6331	6330
6332	6331
6333	6332
6334	6333
6335	6334
6336	6335
6337	6336
6338	6337
6339	6338
6340	6339
6341	6340
6342	6341
6343	6342
6344	6343
6345	6344
6346	6345
6347	6346
6348	6347
6349	6348
6350	6349
6351	6350
6352	6351
6353	6352
6354	6353
6355	6354
6356	6355
6357	6356
6358	6357
6359	6358
6360	6359
6361	6361
6362	6362
6363	6363
6364	6364
6365	6365
6366	6366
6367	6367
6368	6368
6369	6369
6370	6370
6371	6371
6372	6372
6373	6373
6374	6374
6375	6375
6376	6376
6377	6377
6378	6378
6379	6379
6380	6380
6381	6381
6382	6382
6383	6383
6384	6384
6385	6385
6386	6386
6387	6387
6388	6388
6389	6389
6390	6390
6391	6391
6392	6392
6393	6393
6394	6394
6395	6395
6396	6396
6397	6397
6398	6398
6399	6399
6400	6400
6401	6401
6402	6402
6403	6403
6404	6404
6405	6405
6406	6406
6407	6407
6408	6408
6409	6409
6410	6410
6411	6411
6412	deleted
6413	6412
6414	6413
6415	6414
6416	6415
6417	6416
6418	6417
6419	6418
6420	6419
6421	6420
6422	6421
6423	6422
6424	6423
6425	6424
6426	6425
6427	6426
6428	6427
6429	6428
6430	6429
6431	6430
6432	6431
6433	6432
6434	6433
6435	6434
6436	6435
6437	6436
6438	6437
6439	6438
6440	6439
6441	6440
6442	6441
6443	6442
6444	6443
6445	6444
6446	6445
6447	6446
6448	6447
6449	6448
6450	6449
6451	6450
6452	6451
6453	6452
6454	6453
6455	6454
6456	6455
6457	6456
6458	6457
6459	6458
6460	6459
6461	6460
6462	6461
6463	6462
6464	6463
6465	6464
6466	6465
6467	6466
6468	6467
6469	6468
6470	6469
6471	6470
6472	6471
6473	6472
6474	6473
6475	6474
6476	6475
6477	6476
6478	6477
6479	6478
6480	6479
6481	6480
6482	6481
6483	6482
6484	6483
6485	6484
6486	6485
6487	6486
6488	6487
6489	6488
6490	6489
6491	6490
6492	6491
6493	6492
6494	6493
6495	6494
6496	6495
6497	6496
6498	6497
6499	6498
6500	6499
6501	6500
6502	6501
6503	6502
6504	6503
6505	6504
6506	6506
6507	6507
6508	6508
6509	6509
6510	deleted
6511	6512
6512	6513
6513	6514
6514	deleted
6515	6515
6516	6516
6517	6517
6518	6518
6519	6519
6520	6520
6521	6521
6522	6522
6523	6523
6524	6524
6525	6525
6526	6526
6527	6527
6528	6528
6529	6529
6530	6530
6531	6531
6532	6532
6533	6533
6534	6534
6535	6535
6536	6536
6537	6537
6538	6538
6539	6539
6540	6540
6541	6541
6542	6542
6543	6543
6544	6544
6545	6545
6546	6546
6547	6547
6548	6548
6549	6549
6550	6550
6551	6551
6552	6552
6553	6553
6554	6554
6555	6555
6556	6556
6557	6557
6558	6558
6559	6559
6560	6560
6561	6561
6562	6562
6563	6563
6564	6564
6565	6565
6566	6566
6567	6567
6568	6568
6569	6569
6570	6570
6571	6571
6572	6572
6573	6573
6574	6574
6575	6575
6576	6576
6577	6577
6578	6578
6579	6579
6580	6580
6581	6581
6582	6582
6583	6583
6584	6584
6585	6585
6586	6586
6587	6587
6588	6588
6589	6589
6590	6590
6591	6591
6592	6592
6593	6593
6594	6594
6595	6595
6596	6596
6597	6597
6598	6598
6599	6599
6600	6600
6601	6601
6602	6602
6603	6603
6604	6604
6605	6605
6606	6606
6607	6607
6608	6608
6609	6609
6610	6610
6611	6611
6612	6612
6613	6613
6614	6614
6615	6615
6616	6616
6617	6617
6618	6618
6619	6619
6620	6620
6621	6621
6622	6622
6623	6623
6624	6624
6625	6625
6626	6626
6627	6627
6628	6628
6629	6629
6630	6630
6631	6631
6632	6633
6633	6634
6634	6635
6635	6636
6636	6637
6637	6638
6638	6639
6639	6640
6640	6641
6641	6642
6642	6643
6643	6644
6644	6645
6645	6646
6646	6647
6647	6648
6648	6649
6649	6650
6650	6651
6651	6652
6652	6653
6653	6654
6654	6655
6655	6656
6656	6657
6657	6658
6658	6659
6659	6660
6660	6661
6661	6662
6662	6664
6663	6665
6664	6666
6665	6667
6666	6668
6667	6669
6668	6670
6669	6671
6670	6672
6671	6673
6672	6674
6673	6675
6674	6676
6675	6677
6676	6679
6677	6681
6678	6682
6679	deleted
6680	6683
6681	6684
6682	6685
6683	6686
6684	6687
6685	6688
6686	6689
6687	6690
6688	6691
6689	6692
6690	6693
6691	6694
6692	6695
6693	6696
6694	6697
6695	6698
6696	6699
6697	6700
6698	6701
6699	6702
6700	6703
6701	6704
6702	6705
6703	6706
6704	6707
6705	6708
6706	6709
6707	6710
6708	6711
6709	6712
6710	deleted
6711	6713
6712	6714
6713	6715
6714	6716
6715	6717
6716	6718
6717	6719
6718	6720
6719	6721
6720	6722
6721	6723
6722	6724
6723	6725
6724	6726
6725	6727
6726	6728
6727	6729
6728	6730
6729	6731
6730	6732
6731	6733
6732	6734
6733	6735
6734	6736
6735	6737
6736	6738
6737	6739
6738	6740
6739	6741
6740	6742
6741	6743
6742	6744
6743	6745
6744	6746
6745	6747
6746	6748
6747	6749
6748	6750
6749	deleted
6750	6752
6751	6753
6752	6754
6753	6755
6754	6756
6755	6757
6756	6758
6757	6759
6758	6760
6759	6761
6760	6762
6761	6763
6762	6764
6763	6765
6764	6766
6765	6767
6766	6769
6767	6770
6768	6771
6769	6772
6770	6773
6771	6774
6772	6775
6773	6776
6774	6777
6775	6778
6776	6779
6777	6780
6778	6781
6779	6782
6780	6783
6781	6784
6782	6785
6783	6786
6784	6787
6785	6788
6786	6789
6787	6790
6788	deleted
6789	6791
6790	6792
6791	6793
6792	6794
6793	6795
6794	6796
6795	6797
6796	6798
6797	6799
6798	6800
6799	6801
6800	6802
6801	6803
6802	6804
6803	6805
6804	6806
6805	6807
6806	6808
6807	6809
6808	6810
6809	6811
6810	6812
6811	6813
6812	6814
6813	6815
6814	6816
6815	6817
6816	6818
6817	6819
6818	6820
6819	6821
6820	6822
6821	6823
6822	6824
6823	6825
6824	6826
6825	6827
6826	6828
6827	6829
6828	6830
6829	6831
6830	6832
6831	6833
6832	6834
6833	6835
6834	6836
6835	6837
6836	6838
6837	6839
6838	6840
6839	6841
6840	6842
6841	6843
6842	6844
6843	6845
6844	6846
6845	6847
6846	6848
6847	6849
6848	6850
6849	6851
6850	6852
6851	deleted
6852	6853
6853	6854
6854	6855
6855	6856
6856	6857
6857	6858
6858	6859
6859	6860
6860	6861
6861	6862
6862	6863
6863	6864
6864	6865
6865	6866
6866	6867
6867	6868
6868	6869
6869	6870
6870	6871
6871	6872
6872	6873
6873	6874
6874	6875
6875	6876
6876	6877
6877	6878
6878	6879
6879	6881
6880	6882
6881	6883
6882	6884
6883	6885
6884	6886
6885	6887
6886	6888
6887	6889
6888	6890
6889	6891
6890	6892
6891	6893
6892	deleted
6893	6894
6894	6895
6895	6896
6896	6897
6897	6898
6898	6899
6899	6900
6900	6901
6901	6902
6902	6903
6903	6904
6904	6905
6905	6906
6906	6907
6907	6908
6908	6909
6909	6910
6910	6911
6911	6912
6912	6913
6913	6914
6914	6915
6915	6916
6916	6917
6917	6918
6918	6919
6919	6920
6920	6921
6921	6922
6922	6923
6923	6924
6924	6925
6925	6926
6926	6927
6927	6928
6928	6929
6929	6930
6930	6931
6931	6932
6932	6933
6933	6934
6934	6935
6935	6936
6936	6937
6937	6938
6938	6939
6939	6940
6940	deleted
6941	6941
6942	6942
6943	6943
6944	6944
6945	6945
6946	6946
6947	6947
6948	deleted
6949	6949
6950	6950
6951	6951
6952	6952
6953	6953
6954	6954
6955	6955
6956	6956
6957	6958
6958	6959
6959	6960
6960	6961
6961	6962
6962	6963
6963	6964
6964	6965
6965	6966
6966	6967
6967	6968
6968	6969
6969	6970
6970	6971
6971	6972
6972	6973
6973	6974
6974	6975
6975	6976
6976	6977
6977	6978
6978	6979
6979	6980
6980	6981
6981	6982
6982	6983
6983	6984
6984	6985
6985	6986
6986	6987
6987	6988
6988	6989
6989	6990
6990	6991
6991	6992
6992	6993
6993	6994
6994	6995
6995	6996
6996	6997
6997	6998
6998	6999
6999	7000
7000	7001
7001	7002
7002	7003
7003	7004
7004	7005
7005	7006
7006	7007
7007	7008
7008	7009
7009	7010
7010	7011
7011	7012
7012	7013
7013	7014
7014	7015
7015	7016
7016	7017
7017	7018
7018	7019
7019	7020
7020	7021
7021	7022
7022	7023
7023	7024
7024	7025
7025	7026
7026	7027
7027	7028
7028	7029
7029	7030
7030	7031
7031	7032
7032	7033
7033	7034
7034	7035
7035	7036
7036	7037
7037	7038
7038	7039
7039	7040
7040	7041
7041	7042
7042	7043
7043	7044
7044	7045
7045	7046
7046	7047
7047	7048
7048	7049
7049	7050
7050	7051
7051	7052
7052	7053
7053	7054
7054	7055
7055	7056
7056	7057
7057	7058
7058	7059
7059	7060
7060	7061
7061	7062
7062	7063
7063	7064
7064	7065
7065	7066
7066	7067
7067	7068
7068	7069
7069	7070
7070	7071
7071	7072
7072	7073
7073	7074
7074	7075
7075	deleted
7076	7077
7077	7078
7078	7079
7079	7080
7080	7081
7081	7082
7082	7083
7083	7084
7084	7085
7085	7086
7086	7087
7087	7088
7088	7089
7089	deleted
7090	7090
7091	7091
7092	7092
7093	7093
7094	7094
7095	7095
7096	7096
7097	7097
7098	7098
7099	7099
7100	7100
7101	7101
7102	7102
7103	7103
7104	7104
7105	7105
7106	7106
7107	7107
7108	7108
7109	7109
7110	7110
7111	7111
7112	7112
7113	7113
7114	7114
7115	7115
7116	7116
7117	7117
7118	7118
7119	7119
7120	7120
7121	7121
7122	7122
7123	7123
7124	7124
7125	7125
7126	deleted
7127	7126
7128	7127
7129	7128
7130	7129
7131	7130
7132	7131
7133	7132
7134	7133
7135	7134
7136	7135
7137	7136
7138	7137
7139	7138
7140	7139
7141	7140
7142	7141
7143	7142
7144	7143
7145	7144
7146	7145
7147	7146
7148	7147
7149	7148
7150	7149
7151	7150
7152	7151
7153	7152
7154	deleted
7155	7153
7156	7154
7157	7155
7158	7156
7159	7157
7160	7158
7161	7159
7162	7160
7163	7161
7164	7162
7165	7163
7166	7164
7167	7165
7168	7166
7169	7167
7170	7168
7171	7169
7172	7170
7173	7171
7174	7172
7175	7173
7176	7174
7177	7175
7178	7176
7179	7177
7180	7178
7181	7179
7182	7180
7183	7181
7184	7182
7185	7183
7186	7184
7187	7185
7188	7186
7189	7187
7190	7189
7191	7190
7192	7191
7193	7192
7194	7193
7195	7194
7196	7195
7197	7196
7198	7197
7199	7198
7200	7199
7201	7200
7202	7201
7203	7202
7204	7203
7205	7204
7206	7205
7207	7206
7208	7208
7209	7209
7210	7210
7211	7211
7212	7212
7213	7213
7214	7214
7215	7215
7216	7216
7217	7217
7218	7218
7219	7219
7220	7220
7221	7221
7222	7222
7223	7223
7224	7224
7225	7225
7226	7226
7227	7227
7228	7228
7229	7229
7230	7230
7231	7231
7232	7232
7233	7233
7234	7234
7235	7235
7236	7236
7237	7237
7238	7238
7239	7239
7240	7240
7241	7241
7242	7242
7243	7243
7244	7244
7245	7245
7246	7246
7247	7247
7248	7248
7249	7249
7250	7250
7251	7251
7252	7252
7253	7253
7254	7254
7255	7255
7256	7256
7257	7257
7258	7258
7259	7259
7260	7260
7261	7261
7262	7262
7263	7263
7264	7264
7265	7265
7266	7266
7267	7267
7268	7268
7269	7269
7270	7270
7271	7271
7272	7272
7273	deleted
7274	7273
7275	7274
7276	7275
7277	7276
7278	7277
7279	7278
7280	7279
7281	7280
7282	7281
7283	7282
7284	7283
7285	7284
7286	7285
7287	7286
7288	7287
7289	7288
7290	7289
7291	7290
7292	7291
7293	7292
7294	7293
7295	7294
7296	7295
7297	7296
7298	7297
7299	7298
7300	7299
7301	deleted
7302	7301
7303	7302
7304	7303
7305	7304
7306	7305
7307	7306
7308	7307
7309	7308
7310	7309
7311	7310
7312	7311
7313	7312
7314	7313
7315	7314
7316	7315
7317	7316
7318	7317
7319	7318
7320	7319
7321	7320
7322	7321
7323	7322
7324	7323
7325	7324
7326	7325
7327	7326
7328	7327
7329	7328
7330	7329
7331	7330
7332	7331
7333	7332
7334	7333
7335	7334
7336	7335
7337	7336
7338	7337
7339	7338
7340	7339
7341	7340
7342	7341
7343	7342
7344	7343
7345	7344
7346	7345
7347	7346
7348	7347
7349	7348
7350	7349
7351	7350
7352	7351
7353	7352
7354	7353
7355	7354
7356	7355
7357	7356
7358	7357
7359	7358
7360	7359
7361	7360
7362	7361
7363	7362
7364	7363
7365	7364
7366	7365
7367	7366
7368	7367
7369	7368
7370	7369
7371	7370
7372	deleted
7373	7371
7374	7372
7375	7373
7376	7374
7377	7375
7378	7376
7379	deleted
7380	7378
7381	7379
7382	7380
7383	7381
7384	7382
7385	7383
7386	7384
7387	7385
7388	7386
7389	7387
7390	7388
7391	7389
7392	7390
7393	7391
7394	7392
7395	7393
7396	7394
7397	7395
7398	7396
7399	7397
7400	deleted
7401	7399
7402	7400
7403	7401
7404	7402
7405	7403
7406	7404
7407	7405
7408	7406
7409	7407
7410	7408
7411	7409
7412	7410
7413	7411
7414	7412
7415	7413
7416	7414
7417	7415
7418	7416
7419	7417
7420	7418
7421	7419
7422	7420
7423	7421
7424	7422
7425	7423
7426	7424
7427	7425
7428	7426
7429	7427
7430	7428
7431	7429
7432	7430
7433	7431
7434	7432
7435	7433
7436	7434
7437	deleted
7438	7435
7439	7436
7440	7437
7441	7438
7442	7439
7443	7440
7444	7441
7445	7442
7446	deleted
7447	7443
7448	7444
7449	7445
7450	7446
7451	7447
7452	7448
7453	7449
7454	7450
7455	7451
7456	7452
7457	7453
7458	7454
7459	7455
7460	7456
7461	7457
7462	7458
7463	7459
7464	7460
7465	7461
7466	7462
7467	7463
7468	7464
7469	7465
7470	7466
7471	7467
7472	7468
7473	7469
7474	7470
7475	7471
7476	7472
7477	7473
7478	7474
7479	7475
7480	7476
7481	7477
7482	7478
7483	7479
7484	7480
7485	7481
7486	7482
7487	7483
7488	7484
7489	7485
7490	7486
7491	7487
7492	7488
7493	7489
7494	7490
7495	deleted
7496	7492
7497	7493
7498	7494
7499	7495
7500	7496
7501	7497
7502	7498
7503	7499
7504	7500
7505	7501
7506	7502
7507	7503
7508	7504
7509	7505
7510	7506
7511	7507
7512	7508
7513	7509
7514	7510
7515	7511
7516	7512
7517	7513
7518	7514
7519	7515
7520	7516
7521	deleted
7522	7518
7523	7519
7524	7520
7525	7521
7526	7522
7527	7523
7528	7524
7529	7525
7530	7526
7531	7527
7532	7528
7533	7529
7534	7530
7535	7531
7536	7532
7537	7533
7538	7534
7539	7535
7540	7536
7541	7537
7542	7538
7543	7539
7544	7540
7545	7541
7546	7542
7547	7543
7548	7544
7549	7545
7550	7546
7551	7547
7552	7548
7553	7549
7554	7550
7555	7551
7556	7552
7557	7553
7558	7554
7559	7555
7560	7556
7561	7557
7562	7558
7563	7559
7564	7560
7565	7561
7566	7562
7567	7563
7568	7564
7569	7565
7570	7566
7571	7567
7572	7568
7573	7569
7574	7570
7575	7571
7576	7572
7577	7573
7578	7574
7579	7575
7580	7576
7581	7577
7582	7578
7583	7579
7584	7580
7585	7581
7586	7582
7587	7583
7588	7584
7589	7585
7590	7586
7591	7587
7592	7588
7593	7589
7594	7590
7595	7591
7596	7592
7597	7593
7598	7594
7599	7595
7600	7596
7601	7597
7602	7598
7603	7599
7604	7600
7605	7601
7606	7602
7607	7603
7608	7604
7609	7605
7610	7606
7611	7607
7612	7608
7613	7609
7614	7610
7615	7611
7616	7612
7617	7613
7618	7614
7619	7615
7620	7616
7621	7617
7622	7618
7623	7619
7624	7620
7625	7621
7626	7622
7627	7623
7628	7624
7629	7625
7630	7627
7631	7628
7632	7629
7633	7630
7634	7631
7635	7632
7636	7633
7637	7634
7638	7635
7639	7636
7640	7637
7641	deleted
7642	7639
7643	7640
7644	7641
7645	7642
7646	7643
7647	7644
7648	7645
7649	7646
7650	7647
7651	7648
7652	7649
7653	7650
7654	7651
7655	7652
7656	7653
7657	7654
7658	7656
7659	7657
7660	7658
7661	deleted
7662	7660
7663	7661
7664	7662
7665	7663
7666	7664
7667	7665
7668	7666
7669	7667
7670	7668
7671	7669
7672	7670
7673	7671
7674	7672
7675	7673
7676	7674
7677	7675
7678	7676
7679	7677
7680	7678
7681	7679
7682	7680
7683	7681
7684	7682
7685	7683
7686	7684
7687	7685
7688	deleted
7689	7687
7690	7688
7691	7689
7692	7690
7693	7691
7694	7692
7695	7693
7696	7694
7697	7695
7698	7696
7699	7697
7700	7698
7701	7699
7702	7700
7703	7701
7704	7702
7705	7703
7706	deleted
7707	7705
7708	7706
7709	7707
7710	7708
7711	7709
7712	7710
7713	7711
7714	7712
7715	7713
7716	7714
7717	7715
7718	7717
7719	7718
7720	7719
7721	7720
7722	7721
7723	7722
7724	7723
7725	7724
7726	7725
7727	7726
7728	7727
7729	7728
7730	7729
7731	7730
7732	7731
7733	7732
7734	7733
7735	7734
7736	7735
7737	7736
7738	7737
7739	7738
7740	7739
7741	7740
7742	7741
7743	7742
7744	7743
7745	7744
7746	7745
7747	7746
7748	7747
7749	7748
7750	7749
7751	7750
7752	7751
7753	7752
7754	7753
7755	7754
7756	7755
7757	7756
7758	7757
7759	7758
7760	7759
7761	7760
7762	7761
7763	7762
7764	7763
7765	7764
7766	7765
7767	7766
7768	7767
7769	7768
7770	7769
7771	7770
7772	7771
7773	7772
7774	7773
7775	7774
7776	7775
7777	7776
7778	7777
7779	7778
7780	7779
7781	7780
7782	7781
7783	7782
7784	deleted
7785	7783
7786	7784
7787	7785
7788	7786
7789	7787
7790	7788
7791	7789
7792	7790
7793	7791
7794	7792
7795	7793
7796	7794
7797	7795
7798	deleted
7799	7796
7800	7797
7801	7798
7802	7799
7803	7800
7804	7801
7805	7802
7806	7803
7807	7804
7808	7805
7809	7806
7810	7807
7811	7808
7812	7809
7813	7810
7814	7811
7815	7812
7816	7813
7817	7814
7818	7815
7819	7816
7820	7817
7821	7818
7822	7819
7823	7820
7824	7821
7825	7822
7826	7823
7827	7824
7828	7825
7829	7826
7830	7827
7831	7828
7832	7829
7833	7830
7834	7831
7835	7832
7836	7833
7837	7834
7838	7835
7839	7836
7840	7837
7841	7838
7842	7839
7843	7840
7844	7841
7845	7842
7846	7843
7847	7844
7848	7845
7849	7846
7850	7847
7851	7848
7852	7849
7853	7850
7854	7851
7855	7852
7856	7853
7857	7854
7858	7855
7859	7856
7860	7857
7861	7858
7862	7859
7863	7860
7864	7861
7865	7862
7866	7863
7867	7864
7868	7865
7869	7866
7870	7867
7871	7868
7872	7869
7873	7870
7874	7871
7875	7872
7876	7873
7877	7874
7878	deleted
7879	7875
7880	7876
7881	7877
7882	7878
7883	7879
7884	7880
7885	7881
7886	7882
7887	7883
7888	7884
7889	7885
7890	7886
7891	7887
7892	7888
7893	7889
7894	7890
7895	7891
7896	7892
7897	7893
7898	7894
7899	7895
7900	7896
7901	7897
7902	deleted
7903	7898
7904	7899
7905	7900
7906	7901
7907	7902
7908	7904
7909	7905
7910	7906
7911	7907
7912	7908
7913	7909
7914	7910
7915	7911
7916	7912
7917	7913
7918	7914
7919	7915
7920	7916
7921	7917
7922	7918
7923	7919
7924	7920
7925	7921
7926	7922
7927	7923
7928	7924
7929	7925
7930	7926
7931	7928
7932	7929
7933	7930
7934	7931
7935	7932
7936	7933
7937	7934
7938	7935
7939	7936
7940	7937
7941	7938
7942	7939
7943	7940
7944	7941
7945	7942
7946	7943
7947	7944
7948	7945
7949	7946
7950	7947
7951	7948
7952	7949
7953	7950
7954	7951
7955	7952
7956	7953
7957	7954
7958	7955
7959	7956
7960	7957
7961	7958
7962	7959
7963	7960
7964	7961
7965	7962
7966	7963
7967	7964
7968	7965
7969	7966
7970	7967
7971	7968
7972	7969
7973	7970
7974	7971
7975	7972
7976	7973
7977	7974
7978	7975
7979	7976
7980	7977
7981	7978
7982	7979
7983	7980
7984	7981
7985	7982
7986	7983
7987	7984
7988	7985
7989	7986
7990	7987
7991	7988
7992	7989
7993	7990
7994	7991
7995	7992
7996	7993
7997	7994
7998	7995
7999	7996
8000	7997
8001	7998
8002	7999
8003	8000
8004	8001
8005	8002
8006	8003
8007	8004
8008	8005
8009	8006
8010	8007
8011	8008
8012	8009
8013	8010
8014	8011
8015	8012
8016	8013
8017	8014
8018	8015
8019	8016
8020	8017
8021	8018
8022	8019
8023	8020
8024	8021
8025	8022
8026	8023
8027	8024
8028	8025
8029	8026
8030	8027
8031	8028
8032	8029
8033	8030
8034	8031
8035	8032
8036	8033
8037	8034
8038	8035
8039	8036
8040	8037
8041	8038
8042	8039
8043	8040
8044	8041
8045	8042
8046	8043
8047	8044
8048	8045
8049	8046
8050	8047
8051	8048
8052	8049
8053	8050
8054	8051
8055	8052
8056	8053
8057	8054
8058	8055
8059	8056
8060	8057
8061	8058
8062	8059
8063	8060
8064	8061
8065	8062
8066	8063
8067	8064
8068	8065
8069	8066
8070	8067
8071	8068
8072	8069
8073	8070
8074	8071
8075	8072
8076	8073
8077	8074
8078	8075
8079	8076
8080	8077
8081	8078
8082	8079
8083	8080
8084	8081
8085	8082
8086	8083
8087	8084
8088	8085
8089	8086
8090	8087
8091	8088
8092	8089
8093	8090
8094	8091
8095	8092
8096	8093
8097	8094
8098	8095
8099	8096
8100	8097
8101	8098
8102	8099
8103	8100
8104	8101
8105	8102
8106	8103
8107	8104
8108	8106
8109	8107
8110	8108
8111	8109
8112	8110
8113	8111
8114	8112
8115	8113
8116	8114
8117	8115
8118	8116
8119	8117
8120	8118
8121	8119
8122	8120
8123	8121
8124	8122
8125	8123
8126	8124
8127	8125
8128	8126
8129	8127
8130	8128
8131	8129
8132	8130
8133	8131
8134	8132
8135	8133
8136	8134
8137	8135
8138	8136
8139	8137
8140	8138
8141	8139
8142	8140
8143	8141
8144	8142
8145	8143
8146	8144
8147	8145
8148	8146
8149	8147
8150	8148
8151	8149
8152	8150
8153	8151
8154	8152
8155	8153
8156	8154
8157	8155
8158	deleted
8159	8156
8160	8157
8161	8158
8162	8160
8163	8161
8164	8163
8165	8164
8166	8165
8167	8166
8168	8167
8169	8168
8170	8169
8171	8170
8172	8171
8173	8172
8174	8173
8175	8174
8176	8175
8177	8176
8178	8177
8179	8178
8180	8179
8181	8180
8182	8181
8183	8182
8184	8183
8185	8184
8186	8185
8187	8186
8188	8187
8189	8188
8190	8189
8191	8190
8192	8191
8193	8192
8194	8193
8195	8194
8196	8195
8197	8196
8198	8197
8199	8198
8200	8199
8201	8200
8202	8201
8203	8202
8204	8203
8205	8204
8206	8205
8207	8206
8208	8207
8209	8208
8210	8209
8211	8210
8212	8211
8213	8212
8214	8213
8215	8214
8216	8215
8217	8216
8218	8217
8219	8218
8220	8219
8221	8220
8222	8221
8223	8222
8224	8223
8225	8224
8226	8225
8227	8226
8228	8227
8229	8228
8230	8229
8231	8230
8232	8231
8233	8232
8234	8233
8235	8234
8236	8235
8237	8236
8238	8237
8239	8238
8240	8240
8241	8241
8242	8242
8243	8243
8244	8244
8245	8245
8246	8246
8247	8247
8248	8248
8249	8249
8250	8250
8251	8251
8252	8252
8253	8253
8254	8254
8255	8255
8256	8256
8257	8257
8258	8258
8259	8259
8260	8260
8261	deleted
8262	8262
8263	8263
8264	8264
8265	8265
8266	8266
8267	8267
8268	8268
8269	8269
8270	8270
8271	8271
8272	8272
8273	8273
8274	8274
8275	8275
8276	8276
8277	8277
8278	8278
8279	8279
8280	8280
8281	8281
8282	8282
8283	8283
8284	8284
8285	8285
8286	8286
8287	8287
8288	8288
8289	8289
8290	8290
8291	8291
8292	8292
8293	8293
8294	8294
8295	8295
8296	8296
8297	8297
8298	8298
8299	8299
8300	8300
8301	8301
8302	8302
8303	8303
8304	8304
8305	8305
8306	8306
8307	8307
8308	8308
8309	8309
8310	8310
8311	8311
8312	8313
8313	8314
8314	8315
8315	8316
8316	8317
8317	8318
8318	8319
8319	8320
8320	8321
8321	8322
8322	8323
8323	8324
8324	8325
8325	8327
8326	8328
8327	8329
8328	8330
8329	8331
8330	8332
8331	8333
8332	8334
8333	8335
8334	8336
8335	8337
8336	8338
8337	8339
8338	8340
8339	8341
8340	8342
8341	8343
8342	8344
8343	8345
8344	8346
8345	8347
8346	8348
8347	8349
8348	8350
8349	8351
8350	8352
8351	8353
8352	8354
8353	8355
8354	8356
8355	8357
8356	8358
8357	8359
8358	8360
8359	8361
8360	8362
8361	8363
8362	8364
8363	8365
8364	8366
8365	8367
8366	8368
8367	8369
8368	8370
8369	8372
8370	8373
8371	8374
8372	8375
8373	8376
8374	8377
8375	8378
8376	8379
8377	8380
8378	8381
8379	8382
8380	8383
8381	8384
8382	8385
8383	8386
8384	8387
8385	8388
8386	8389
8387	8390
8388	8391
8389	8392
8390	8393
8391	8394
8392	8395
8393	8396
8394	8397
8395	8399
8396	8400
8397	8401
8398	8402
8399	8403
8400	8404
8401	8405
8402	8406
8403	8407
8404	8408
8405	8409
8406	8410
8407	8411
8408	8412
8409	8413
8410	8414
8411	8415
8412	8416
8413	8417
8414	8418
8415	8419
8416	8420
8417	8421
8418	8422
8419	8423
8420	8424
8421	8425
8422	8426
8423	8427
8424	8428
8425	8429
8426	8430
8427	8431
8428	8432
8429	8433
8430	8434
8431	8435
8432	8436
8433	8437
8434	8438
8435	8439
8436	8440
8437	8441
8438	8442
8439	8443
8440	8444
8441	8445
8442	8446
8443	8448
8444	8449
8445	8450
8446	8451
8447	8452
8448	8453
8449	8454
8450	8455
8451	8456
8452	8457
8453	8458
8454	8459
8455	8460
8456	8461
8457	8462
8458	8463
8459	8464
8460	8465
8461	8466
8462	8467
8463	8468
8464	8469
8465	8470
8466	8471
8467	8472
8468	8473
8469	8474
8470	8475
8471	8476
8472	8477
8473	8478
8474	8479
8475	8480
8476	8481
8477	8482
8478	8483
8479	8484
8480	8485
8481	8486
8482	8487
8483	8488
8484	8489
8485	8490
8486	8491
8487	8492
8488	8493
8489	8494
8490	8495
8491	8496
8492	8497
8493	8498
8494	8499
8495	8500
8496	8501
8497	8502
8498	8503
8499	8504
8500	8505
8501	8506
8502	8507
8503	8508
8504	8509
8505	8510
8506	8511
8507	8512
8508	8513
8509	8514
8510	8515
8511	8516
8512	8517
8513	8518
8514	8519
8515	8520
8516	8521
8517	8522
8518	8523
8519	8524
8520	8525
8521	8526
8522	8527
8523	8528
8524	deleted
8525	8529
8526	8530
8527	8531
8528	8532
8529	8533
8530	8534
8531	8535
8532	8536
8533	8537
8534	deleted
8535	deleted
8536	8540
8537	8541
8538	8542
8539	8543
8540	8544
8541	8545
8542	8546
8543	8547
8544	8548
8545	8549
8546	8550
8547	8551
8548	8552
8549	8553
8550	8554
8551	8555
8552	8556
8553	8557
8554	8558
8555	8559
8556	8560
8557	8561
8558	8562
8559	8563
8560	8564
8561	8565
8562	8566
8563	8567
8564	8568
8565	8569
8566	8570
8567	8571
8568	8572
8569	8573
8570	8574
8571	8575
8572	8576
8573	8577
8574	8578
8575	8579
8576	8580
8577	8581
8578	8582
8579	8583
8580	8584
8581	8585
8582	8586
8583	8587
8584	8588
8585	8589
8586	8590
8587	8591
8588	8592
8589	8593
8590	8594
8591	8595
8592	8596
8593	8597
8594	8598
8595	8599
8596	8600
8597	8601
8598	8602
8599	8603
8600	8604
8601	8605
8602	8606
8603	8607
8604	8608
8605	8609
8606	8610
8607	8611
8608	8612
8609	8613
8610	8614
8611	8615
8612	8616
8613	8617
8614	8618
8615	8619
8616	8620
8617	8621
8618	8622
8619	8623
8620	8624
8621	8625
8622	8626
8623	8627
8624	8628
8625	8629
8626	8630
8627	8631
8628	8632
8629	8633
8630	8634
8631	8635
8632	8636
8633	8637
8634	8638
8635	8639
8636	8640
8637	8641
8638	8642
8639	8643
8640	8644
8641	8645
8642	8646
8643	8647
8644	8648
8645	8649
8646	8650
8647	8651
8648	8652
8649	8653
8650	8654
8651	8655
8652	8656
8653	8657
8654	8658
8655	8659
8656	8660
8657	8661
8658	8662
8659	8663
8660	8664
8661	8665
8662	8666
8663	8667
8664	8668
8665	8669
8666	8670
8667	8671
8668	8672
8669	8673
8670	8674
8671	8675
8672	8676
8673	8677
8674	8678
8675	8679
8676	8680
8677	8681
8678	8682
8679	8683
8680	8684
8681	8685
8682	8686
8683	8687
8684	8688
8685	8689
8686	8691
8687	8692
8688	8693
8689	8694
8690	8695
8691	8696
8692	8697
8693	8698
8694	8699
8695	8700
8696	8701
8697	8702
8698	8703
8699	8704
8700	8705
8701	8706
8702	8707
8703	8708
8704	8709
8705	8710
8706	8711
8707	deleted
8708	8712
8709	8713
8710	8714
8711	8715
8712	8716
8713	8717
8714	8718
8715	8719
8716	8720
8717	8721
8718	8722
8719	8723
8720	8724
8721	8725
8722	8726
8723	8727
8724	8728
8725	8729
8726	8730
8727	8731
8728	8732
8729	8733
8730	8734
8731	8735
8732	8736
8733	8737
8734	8738
8735	8739
8736	8740
8737	8741
8738	8742
8739	8743
8740	8744
8741	8745
8742	8746
8743	8747
8744	8748
8745	8749
8746	8750
8747	8751
8748	8752
8749	8753
8750	8754
8751	8755
8752	8756
8753	8757
8754	8758
8755	8759
8756	8760
8757	8761
8758	8762
8759	8763
8760	8764
8761	8765
8762	8766
8763	8767
8764	8768
8765	8769
8766	8770
8767	8771
8768	8772
8769	8773
8770	8774
8771	8775
8772	8776
8773	8777
8774	8778
8775	8779
8776	8780
8777	8781
8778	8782
8779	8783
8780	8784
8781	8785
8782	8786
8783	8787
8784	8788
8785	8789
8786	8790
8787	8791
8788	deleted
8789	8792
8790	8793
8791	8794
8792	8795
8793	8796
8794	8797
8795	8798
8796	8799
8797	8800
8798	8801
8799	8802
8800	8803
8801	8804
8802	8805
8803	8806
8804	8807
8805	8808
8806	8809
8807	8810
8808	8811
8809	8812
8810	8813
8811	8814
8812	8815
8813	8816
8814	8817
8815	8818
8816	8819
8817	8820
8818	8821
8819	8822
8820	8823
8821	8824
8822	8825
8823	8826
8824	8827
8825	8828
8826	8829
8827	8830
8828	8831
8829	8832
8830	8833
8831	8834
8832	8835
8833	8836
8834	8837
8835	8838
8836	8839
8837	8840
8838	8841
8839	8842
8840	8843
8841	8844
8842	8845
8843	8846
8844	8847
8845	8848
8846	8849
8847	8850
8848	8851
8849	8852
8850	8853
8851	8854
8852	8855
8853	8856
8854	8857
8855	8858
8856	8859
8857	8860
8858	8861
8859	8862
8860	8863
8861	8864
8862	8865
8863	8866
8864	8867
8865	8868
8866	8869
8867	8870
8868	8871
8869	8872
8870	8873
8871	8874
8872	8875
8873	8876
8874	8877
8875	8878
8876	8879
8877	8880
8878	8881
8879	8882
8880	8883
8881	8884
8882	8885
8883	8886
8884	8887
8885	8888
8886	8889
8887	8890
8888	8891
8889	8892
8890	8893
8891	8894
8892	8895
8893	8896
8894	8897
8895	8898
8896	8899
8897	8900
8898	8901
8899	8902
8900	8903
8901	8904
8902	8905
8903	8906
8904	8907
8905	8908
8906	8909
8907	8910
8908	8911
8909	8912
8910	8913
8911	8914
8912	8915
8913	8916
8914	8917
8915	8918
8916	8919
8917	deleted
8918	8920
8919	8921
8920	8922
8921	8923
8922	8924
8923	8925
8924	8926
8925	8927
8926	8928
8927	8929
8928	8930
8929	8931
8930	8932
8931	8933
8932	8934
8933	8935
8934	8936
8935	8937
8936	8938
8937	8939
8938	8940
8939	8941
8940	8942
8941	8943
8942	8944
8943	8945
8944	8946
8945	8947
8946	8948
8947	8949
8948	8950
8949	8951
8950	8952
8951	8953
8952	8954
8953	8955
8954	8956
8955	8957
8956	8958
8957	8959
8958	8960
8959	8961
8960	8962
8961	8963
8962	8964
8963	8965
8964	8966
8965	8967
8966	8968
8967	8969
8968	8970
8969	8971
8970	8972
8971	8973
8972	8974
8973	8975
8974	8976
8975	8977
8976	8978
8977	8979
8978	8980
8979	8981
8980	8982
8981	8983
8982	8984
8983	8985
8984	8986
8985	8987
8986	deleted
8987	8989
8988	8990
8989	8991
8990	8992
8991	8993
8992	8994
8993	8995
8994	8996
8995	8997
8996	8998
8997	8999
8998	9000
8999	9001
9000	9002
9001	9003
9002	9004
9003	9005
9004	9006
9005	9007
9006	9008
9007	9009
9008	9010
9009	9011
9010	9012
9011	9013
9012	9014
9013	9015
9014	9016
9015	9017
9016	9018
9017	9019
9018	9020
9019	9021
9020	9022
9021	9023
9022	9024
9023	9025
9024	9026
9025	9027
9026	9028
9027	9029
9028	deleted
9029	9031
9030	9032
9031	9033
9032	9034
9033	9035
9034	9036
9035	9037
9036	9038
9037	9039
9038	9040
9039	9041
9040	9042
9041	9043
9042	9044
9043	deleted
9044	9045
9045	9046
9046	9047
9047	9048
9048	9049
9049	9050
9050	9051
9051	9052
9052	9053
9053	9054
9054	9055
9055	9056
9056	9057
9057	9058
9058	9059
9059	9060
9060	9061
9061	9063
9062	9064
9063	9065
9064	9066
9065	9067
9066	9068
9067	9069
9068	9070
9069	9071
9070	9072
9071	9073
9072	9074
9073	9075
9074	9076
9075	9077
9076	9078
9077	9079
9078	9080
9079	9081
9080	9082
9081	9083
9082	9084
9083	9085
9084	9086
9085	9087
9086	9088
9087	9089
9088	9090
9089	9091
9090	9092
9091	9093
9092	9094
9093	9095
9094	9096
9095	9097
9096	9098
9097	9099
9098	9100
9099	9101
9100	9102
9101	9103
9102	9104
9103	9105
9104	9106
9105	9107
9106	9108
9107	9109
9108	9110
9109	9111
9110	9112
9111	9113
9112	9114
9113	9115
9114	9116
9115	deleted
9116	9118
9117	9119
9118	9120
9119	9121
9120	9122
9121	9123
9122	9124
9123	9125
9124	9126
9125	9127
9126	9128
9127	9129
9128	9131
9129	9132
9130	9133
9131	9134
9132	9135
9133	9136
9134	9137
9135	9138
9136	9139
9137	9140
9138	9141
9139	9142
9140	9143
9141	9144
9142	9145
9143	9146
9144	9147
9145	9148
9146	9149
9147	9150
9148	9151
9149	9152
9150	9153
9151	9154
9152	9155
9153	9156
9154	9157
9155	9159
9156	9160
9157	9161
9158	9162
9159	9163
9160	9164
9161	9165
9162	9166
9163	9167
9164	9168
9165	9169
9166	9170
9167	9171
9168	9172
9169	9173
9170	9174
9171	9175
9172	9176
9173	9177
9174	9178
9175	9179
9176	9180
9177	9181
9178	9182
9179	9183
9180	9184
9181	9185
9182	9186
9183	9187
9184	9188
9185	9189
9186	9190
9187	9191
9188	9192
9189	9193
9190	9194
9191	9195
9192	9196
9193	9197
9194	9198
9195	9199
9196	9200
9197	9201
9198	9202
9199	9203
9200	9204
9201	9205
9202	9206
9203	9207
9204	9208
9205	9209
9206	9210
9207	9211
9208	9212
9209	9213
9210	9214
9211	9215
9212	9216
9213	9217
9214	9218
9215	9219
9216	9220
9217	9221
9218	9222
9219	9223
9220	9224
9221	9225
9222	9226
9223	9227
9224	9228
9225	9229
9226	9230
9227	9232
9228	9233
9229	9234
9230	9235
9231	9236
9232	9237
9233	9238
9234	9239
9235	9240
9236	9241
9237	9242
9238	9243
9239	9244
9240	9245
9241	9246
9242	9247
9243	9248
9244	9249
9245	9250
9246	9251
9247	9252
9248	9253
9249	9254
9250	9255
9251	9256
9252	9257
9253	9258
9254	9259
9255	9260
9256	9261
9257	9262
9258	9263
9259	9265
9260	9266
9261	9267
9262	9268
9263	9269
9264	9270
9265	9271
9266	9272
9267	9273
9268	9274
9269	9275
9270	9276
9271	9277
9272	9278
9273	9279
9274	9280
9275	9281
9276	9282
9277	9283
9278	9284
9279	9285
9280	9286
9281	9287
9282	9288
9283	9289
9284	9290
9285	9291
9286	9292
9287	9293
9288	9294
9289	9295
9290	9296
9291	9297
9292	9298
9293	9299
9294	9300
9295	9301
9296	9302
9297	9303
9298	9304
9299	9305
9300	9306
9301	9307
9302	9308
9303	9309
9304	9310
9305	9311
9306	9312
9307	9313
9308	9314
9309	9315
9310	9316
9311	9317
9312	9318
9313	9319
9314	9320
9315	9321
9316	9322
9317	9323
9318	9324
9319	9325
9320	9326
9321	9327
9322	9328
9323	9329
9324	9330
9325	9331
9326	deleted
9327	9333
9328	9334
9329	9335
9330	9336
9331	9337
9332	9338
9333	9339
9334	9340
9335	9341
9336	9342
9337	9343
9338	9344
9339	9345
9340	deleted
9341	9346
9342	9347
9343	9348
9344	9349
9345	9350
9346	9351
9347	9353
9348	9354
9349	9355
9350	9356
9351	9357
9352	9358
9353	9359
9354	9360
9355	9361
9356	9362
9357	9363
9358	9364
9359	9365
9360	9366
9361	9367
9362	9368
9363	9369
9364	9370
9365	9371
9366	9372
9367	9373
9368	9374
9369	9375
9370	9377
9371	9378
9372	9379
9373	9380
9374	9381
9375	9382
9376	9383
9377	9384
9378	9385
9379	9386
9380	9387
9381	9388
9382	9389
9383	9390
9384	9391
9385	9392
9386	9393
9387	9394
9388	9395
9389	9396
9390	9397
9391	9398
9392	9399
9393	9400
9394	9401
9395	9402
9396	9403
9397	9404
9398	9405
9399	9406
9400	9407
9401	9408
9402	9409
9403	9410
9404	9411
9405	9412
9406	9413
9407	9414
9408	9415
9409	9416
9410	9417
9411	9418
9412	9419
9413	9420
9414	9421
9415	9422
9416	9423
9417	9424
9418	9425
9419	9426
9420	9427
9421	9428
9422	9429
9423	9430
9424	9431
9425	deleted
9426	9433
9427	9434
9428	9435
9429	9436
9430	9437
9431	9438
9432	9439
9433	9440
9434	9441
9435	9442
9436	9443
9437	9444
9438	9445
9439	9446
9440	9447
9441	9448
9442	9449
9443	9450
9444	9451
9445	9452
9446	9453
9447	9454
9448	9455
9449	9456
9450	9457
9451	9458
9452	9459
9453	9460
9454	9461
9455	9462
9456	9463
9457	9464
9458	9465
9459	9466
9460	9467
9461	9468
9462	9469
9463	9470
9464	9471
9465	9472
9466	9473
9467	9474
9468	9475
9469	9476
9470	9477
9471	9478
9472	9479
9473	9480
9474	9481
9475	9482
9476	9483
9477	9484
9478	9485
9479	9486
9480	9487
9481	9488
9482	9489
9483	9490
9484	9491
9485	9492
9486	9493
9487	9494
9488	9495
9489	9496
9490	9497
9491	9498
9492	9499
9493	9500
9494	9501
9495	9502
9496	9503
9497	9504
9498	9505
9499	9506
9500	9507
9501	9508
9502	9509
9503	9510
9504	9511
9505	9512
9506	9513
9507	9514
9508	9515
9509	9516
9510	9517
9511	9518
9512	9519
9513	9520
9514	9521
9515	9522
9516	9523
9517	9524
9518	9526
9519	9527
9520	9528
9521	9529
9522	9530
9523	9531
9524	9532
9525	9533
9526	9534
9527	9535
9528	9536
9529	9537
9530	9538
9531	9539
9532	9540
9533	9541
9534	9542
9535	9543
9536	9544
9537	9545
9538	9546
9539	9547
9540	9548
9541	9549
9542	9550
9543	9551
9544	9552
9545	9553
9546	9554
9547	9555
9548	deleted
9549	9556
9550	9557
9551	9558
9552	9559
9553	9560
9554	9562
9555	9563
9556	9564
9557	9565
9558	9566
9559	9567
9560	9568
9561	9569
9562	9570
9563	9571
9564	9572
9565	9573
9566	9574
9567	9576
9568	9577
9569	9578
9570	9579
9571	9580
9572	9581
9573	9582
9574	9583
9575	9584
9576	9585
9577	9586
9578	9587
9579	9588
9580	9589
9581	9590
9582	9591
9583	9592
9584	9593
9585	9594
9586	9595
9587	9596
9588	9597
9589	9598
9590	9599
9591	9600
9592	9601
9593	9602
9594	9603
9595	9604
9596	9605
9597	9606
9598	9607
9599	9608
9600	9609
9601	9610
9602	9611
9603	9612
9604	9613
9605	9614
9606	9615
9607	9616
9608	9617
9609	9618
9610	9619
9611	9620
9612	9621
9613	9622
9614	9623
9615	9624
9616	9625
9617	9626
9618	9627
9619	9628
9620	9629
9621	9630
9622	9631
9623	9632
9624	9633
9625	9634
9626	9635
9627	9636
9628	9637
9629	9638
9630	9639
9631	9640
9632	9641
9633	9642
9634	9643
9635	9644
9636	9645
9637	9646
9638	9647
9639	9648
9640	9649
9641	9650
9642	9651
9643	9652
9644	9653
9645	9654
9646	9655
9647	9656
9648	9657
9649	9658
9650	9659
9651	9660
9652	9661
9653	9662
9654	9663
9655	9664
9656	9665
9657	9666
9658	9668
9659	9669
9660	9670
9661	9671
9662	9672
9663	9673
9664	deleted
9665	9674
9666	9675
9667	9676
9668	9677
9669	9678
9670	9679
9671	9680
9672	9681
9673	9682
9674	9683
9675	9684
9676	9685
9677	9686
9678	9687
9679	9688
9680	9689
9681	9690
9682	9691
9683	9692
9684	9693
9685	9694
9686	9695
9687	9696
9688	9697
9689	9698
9690	9699
9691	9700
9692	9701
9693	9702
9694	9703
9695	9704
9696	9705
9697	9706
9698	9707
9699	9708
9700	9709
9701	9710
9702	9711
9703	9712
9704	9713
9705	9714
9706	9715
9707	9716
9708	9717
9709	9718
9710	9719
9711	9720
9712	9721
9713	9722
9714	9723
9715	9724
9716	9725
9717	9726
9718	9727
9719	9728
9720	9729
9721	9730
9722	9731
9723	9732
9724	9733
9725	9734
9726	9735
9727	9736
9728	9737
9729	9738
9730	9739
9731	9740
9732	9741
9733	9742
9734	9743
9735	9744
9736	9745
9737	9746
9738	9747
9739	9748
9740	9749
9741	9750
9742	9751
9743	9752
9744	9753
9745	9754
9746	9755
9747	9756
9748	9757
9749	9758
9750	9759
9751	9760
9752	9761
9753	9762
9754	9763
9755	deleted
9756	9764
9757	9765
9758	9766
9759	9767
9760	9768
9761	9769
9762	deleted
9763	9770
9764	9771
9765	9772
9766	9773
9767	9774
9768	9775
9769	9776
9770	9777
9771	9778
9772	9779
9773	9780
9774	9781
9775	9782
9776	9783
9777	9784
9778	9785
9779	9786
9780	9787
9781	9788
9782	9789
9783	9790
9784	9791
9785	9792
9786	9793
9787	9794
9788	9795
9789	9796
9790	9797
9791	9798
9792	9799
9793	9800
9794	9801
9795	9802
9796	9803
9797	9804
9798	9805
9799	9806
9800	9807
9801	9808
9802	9809
9803	9810
9804	9811
9805	9812
9806	9813
9807	9814
9808	9815
9809	9816
9810	9817
9811	9818
9812	9819
9813	9820
9814	9821
9815	9822
9816	9823
9817	9824
9818	9825
9819	9826
9820	9827
9821	9828
9822	9829
9823	9830
9824	9831
9825	9832
9826	9833
9827	9834
9828	9835
9829	9836
9830	9837
9831	9838
9832	9839
9833	9840
9834	9841
9835	9842
9836	9843
9837	9844
9838	9845
9839	9846
9840	9847
9841	9848
9842	9849
9843	9850
9844	9851
9845	9852
9846	9853
9847	9854
9848	9855
9849	9856
9850	9857
9851	9858
9852	9859
9853	9860
9854	9861
9855	9862
9856	9863
9857	9864
9858	9865
9859	9866
9860	9867
9861	9868
9862	9869
9863	9870
9864	9871
9865	9872
9866	9873
9867	9874
9868	9875
9869	9876
9870	9877
9871	9879
9872	9880
9873	9881
9874	9882
9875	9883
9876	9884
9877	9885
9878	9886
9879	9887
9880	9888
9881	9889
9882	9890
9883	9891
9884	9892
9885	deleted
9886	9894
9887	9895
9888	9896
9889	9897
9890	9898
9891	9899
9892	9900
9893	9901
9894	9902
9895	9903
9896	9904
9897	9905
9898	9906
9899	9907
9900	9908
9901	9909
9902	9910
9903	9911
9904	9912
9905	9913
9906	9914
9907	9915
9908	9916
9909	9917
9910	9918
9911	9919
9912	9920
9913	9921
9914	9922
9915	9923
9916	9924
9917	9925
9918	9926
9919	deleted
9920	9927
9921	9928
9922	9929
9923	9930
9924	9931
9925	9932
9926	9933
9927	9934
9928	9935
9929	9936
9930	9937
9931	9938
9932	9939
9933	9940
9934	9941
9935	9942
9936	9943
9937	9944
9938	9945
9939	9946
9940	9947
9941	9948
9942	9949
9943	9950
9944	9951
9945	9952
9946	9953
9947	9954
9948	9955
9949	9956
9950	9957
9951	9958
9952	9959
9953	9960
9954	9961
9955	9962
9956	9963
9957	9964
9958	9965
9959	9966
9960	9967
9961	9968
9962	9969
9963	9970
9964	9971
9965	9972
9966	9973
9967	9974
9968	9975
9969	9976
9970	9977
9971	9978
9972	9979
9973	9980
9974	9981
9975	deleted
9976	9983
9977	9984
9978	9985
9979	9986
9980	9987
9981	9988
9982	9989
9983	9990
9984	9991
9985	9992
9986	9993
9987	9994
9988	9995
9989	9996
9990	9997
9991	9998
9992	9999
9993	10000
9994	10001
9995	10002
9996	10003
9997	10004
9998	10005
9999	10007
10000	10008
10001	10009
10002	10010
10003	10011
10004	10012
10005	10013
10006	10014
10007	10015
10008	10016
10009	10017
10010	10018
10011	10019
10012	10020
10013	10021
10014	10022
10015	10023
10016	10024
10017	10025
10018	10026
10019	10027
10020	10028
10021	10029
10022	10030
10023	10031
10024	10032
10025	10033
10026	10034
10027	10035
10028	10036
10029	10037
10030	10038
10031	deleted
10032	10039
10033	10040
10034	10041
10035	10043
10036	10044
10037	10045
10038	10046
10039	10047
10040	10048
10041	10049
10042	10050
10043	10051
10044	10052
10045	10053
10046	10054
10047	10055
10048	10056
10049	10057
10050	10058
10051	10059
10052	10060
10053	10061
10054	10062
10055	10063
10056	10064
10057	10065
10058	10066
10059	10067
10060	10068
10061	10069
10062	10070
10063	10071
10064	10072
10065	10073
10066	10074
10067	10075
10068	10076
10069	10077
10070	10078
10071	10079
10072	10080
10073	10081
10074	10082
10075	10083
10076	10084
10077	10085
10078	10086
10079	10087
10080	10088
10081	10089
10082	10090
10083	10091
10084	10092
10085	10093
10086	10094
10087	10095
10088	10096
10089	10097
10090	10098
10091	10099
10092	10100
10093	10101
10094	10102
10095	10103
10096	10104
10097	10105
10098	10106
10099	10107
10100	10108
10101	10109
10102	10110
10103	10111
10104	10112
10105	10113
10106	deleted
10107	10114
10108	10115
10109	10116
10110	10117
10111	10118
10112	10119
10113	10120
10114	10122
10115	10123
10116	10124
10117	10125
10118	10126
10119	10127
10120	10128
10121	10129
10122	10130
10123	10131
10124	10132
10125	10133
10126	10134
10127	10135
10128	10136
10129	10137
10130	10138
10131	10139
10132	10140
10133	10141
10134	10142
10135	10143
10136	10144
10137	10145
10138	10146
10139	10147
10140	10148
10141	10149
10142	10150
10143	10151
10144	10152
10145	10153
10146	10154
10147	10155
10148	10156
10149	10157
10150	10158
10151	10159
10152	10160
10153	10161
10154	10162
10155	10163
10156	10164
10157	10165
10158	10166
10159	10167
10160	10168
10161	10169
10162	10170
10163	10171
10164	10172
10165	10173
10166	10174
10167	10176
10168	10177
10169	10178
10170	10179
10171	10180
10172	10181
10173	10182
10174	10183
10175	10184
10176	10185
10177	10186
10178	10187
10179	10188
10180	10189
10181	10190
10182	10191
10183	10192
10184	10193
10185	10194
10186	10195
10187	10196
10188	10197
10189	10198
10190	10199
10191	10200
10192	10201
10193	10202
10194	10203
10195	10204
10196	10205
10197	10206
10198	10207
10199	10208
10200	10209
10201	10210
10202	10211
10203	10212
10204	10213
10205	10214
10206	10215
10207	10216
10208	10217
10209	10218
10210	10219
10211	10220
10212	10221
10213	10222
10214	10223
10215	10224
10216	10225
10217	10226
10218	10227
10219	10228
10220	10229
10221	10230
10222	10231
10223	deleted
10224	10232
10225	10233
10226	10234
10227	10235
10228	10236
10229	10237
10230	10238
10231	10239
10232	10240
10233	10241
10234	10242
10235	10243
10236	10244
10237	10245
10238	10246
10239	10247
10240	10248
10241	10249
10242	10250
10243	10251
10244	10252
10245	10253
10246	10254
10247	deleted
10248	10256
10249	10257
10250	10258
10251	10259
10252	10260
10253	10261
10254	10262
10255	10263
10256	10264
10257	10265
10258	10266
10259	10267
10260	10268
10261	10269
10262	deleted
10263	10270
10264	10271
10265	10272
10266	10273
10267	10274
10268	10275
10269	10276
10270	10277
10271	10278
10272	10279
10273	10280
10274	10281
10275	10282
10276	10283
10277	10284
10278	10285
10279	10286
10280	10287
10281	10288
10282	10289
10283	10290
10284	10291
10285	10292
10286	10293
10287	10294
10288	10295
10289	10296
10290	10297
10291	10298
10292	10299
10293	10300
10294	10301
10295	10302
10296	10303
10297	10304
10298	10305
10299	10306
10300	10307
10301	10308
10302	10309
10303	10310
10304	10311
10305	10312
10306	10313
10307	10314
10308	10315
10309	10316
10310	10317
10311	10318
10312	10319
10313	10320
10314	10321
10315	10322
10316	10323
10317	10324
10318	10325
10319	10326
10320	10327
10321	10328
10322	10329
10323	10330
10324	10331
10325	10332
10326	10333
10327	10334
10328	10335
10329	10336
10330	10337
10331	10338
10332	10339
10333	10340
10334	10341
10335	10342
10336	10343
10337	10344
10338	10345
10339	10346
10340	10347
10341	10348
10342	10349
10343	10350
10344	10351
10345	10352
10346	10353
10347	10354
10348	10355
10349	10356
10350	deleted
10351	10357
10352	10358
10353	10359
10354	10360
10355	10361
10356	10362
10357	10363
10358	10364
10359	10365
10360	10366
10361	10367
10362	10368
10363	10369
10364	10370
10365	10371
10366	10372
10367	10373
10368	10374
10369	10375
10370	10376
10371	10377
10372	10378
10373	10379
10374	10380
10375	10381
10376	10382
10377	10383
10378	10384
10379	10385
10380	10386
10381	10387
10382	10388
10383	10389
10384	10390
10385	10391
10386	10392
10387	10393
10388	10394
10389	10395
10390	10396
10391	10397
10392	10398
10393	10399
10394	10400
10395	10401
10396	10402
10397	10403
10398	10404
10399	10405
10400	10406
10401	10407
10402	10408
10403	10410
10404	10411
10405	10412
10406	10413
10407	10414
10408	10415
10409	10416
10410	10417
10411	10418
10412	10419
10413	10420
10414	10421
10415	10422
10416	10423
10417	10424
10418	10425
10419	10426
10420	10427
10421	10428
10422	10429
10423	10430
10424	10431
10425	10432
10426	10433
10427	10434
10428	10435
10429	10436
10430	10437
10431	10438
10432	10439
10433	10440
10434	10441
10435	10442
10436	10443
10437	10444
10438	10445
10439	10446
10440	10447
10441	10448
10442	10449
10443	10450
10444	10451
10445	10452
10446	10453
10447	10454
10448	10455
10449	10456
10450	10457
10451	10458
10452	10459
10453	10460
10454	10461
10455	10462
10456	10463
10457	10464
10458	10465
10459	10466
10460	10467
10461	10468
10462	10469
10463	10470
10464	10471
10465	10472
10466	10473
10467	10474
10468	10475
10469	10476
10470	10477
10471	10478
10472	10479
10473	10480
10474	10481
10475	10482
10476	10483
10477	10484
10478	10485
10479	10486
10480	10487
10481	10488
10482	10489
10483	10490
10484	10491
10485	10492
10486	10493
10487	10494
10488	10495
10489	10496
10490	10497
10491	10498
10492	10499
10493	10500
10494	10501
10495	10502
10496	10503
10497	10504
10498	10505
10499	10506
10500	10507
10501	10508
10502	10509
10503	10510
10504	10511
10505	10512
10506	10513
10507	10514
10508	10515
10509	10516
10510	10517
10511	10518
10512	10519
10513	10520
10514	10521
10515	deleted
10516	10522
10517	10523
10518	10524
10519	10525
10520	10526
10521	10527
10522	10528
10523	10529
10524	10530
10525	10532
10526	10533
10527	10534
10528	10535
10529	10536
10530	10537
10531	10538
10532	10539
10533	10540
10534	10541
10535	10542
10536	10543
10537	10544
10538	10545
10539	10546
10540	10547
10541	10548
10542	10549
10543	10550
10544	10551
10545	10552
10546	10553
10547	10554
10548	10555
10549	10556
10550	10557
10551	10558
10552	10559
10553	10560
10554	10561
10555	10562
10556	10563
10557	10564
10558	10565
10559	10566
10560	10567
10561	10568
10562	10569
10563	10570
10564	10571
10565	10572
10566	10573
10567	10574
10568	10575
10569	10576
10570	10577
10571	10578
10572	10579
10573	10580
10574	10581
10575	10582
10576	10583
10577	10584
10578	10585
10579	10586
10580	10587
10581	10588
10582	10589
10583	10590
10584	10591
10585	10592
10586	10593
10587	10594
10588	10595
10589	10596
10590	10597
10591	10598
10592	10599
10593	10600
10594	10601
10595	10602
10596	10603
10597	10604
10598	10605
10599	10606
10600	10607
10601	10608
10602	10609
10603	10610
10604	10611
10605	10612
10606	10613
10607	10614
10608	10615
10609	10616
10610	10617
10611	10618
10612	10619
10613	10620
10614	10621
10615	10622
10616	10623
10617	10624
10618	10625
10619	10626
10620	10627
10621	10628
10622	10629
10623	10630
10624	10631
10625	10632
10626	10633
10627	10634
10628	10635
10629	10636
10630	10637
10631	10638
10632	10639
10633	10640
10634	10641
10635	10642
10636	10643
10637	10644
10638	10645
10639	10646
10640	10647
10641	10648
10642	10649
10643	10650
10644	10651
10645	10652
10646	10653
10647	10654
10648	10655
10649	10656
10650	10657
10651	10658
10652	10659
10653	10660
10654	10661
10655	10662
10656	10663
10657	10664
10658	10665
10659	10666
10660	10667
10661	10668
10662	10669
10663	10670
10664	10671
10665	deleted
10666	10673
10667	10674
10668	10675
10669	10676
10670	10677
10671	10678
10672	10679
10673	10680
10674	10681
10675	10682
10676	10683
10677	10684
10678	10685
10679	10686
10680	10687
10681	10688
10682	10689
10683	10690
10684	10691
10685	10692
10686	10693
10687	10694
10688	10695
10689	10696
10690	10697
10691	10698
10692	10699
10693	10700
10694	10701
10695	10702
10696	10703
10697	10704
10698	10705
10699	10706
10700	10707
10701	10708
10702	10709
10703	10710
10704	10711
10705	10712
10706	10713
10707	10714
10708	10715
10709	10716
10710	10717
10711	10718
10712	10719
10713	10720
10714	10721
10715	10722
10716	10723
10717	10724
10718	10725
10719	10726
10720	10727
10721	10728
10722	10729
10723	10730
10724	10731
10725	10732
10726	10733
10727	10734
10728	10735
10729	10736
10730	10737
10731	10738
10732	10739
10733	10740
10734	10741
10735	10742
10736	10743
10737	10744
10738	10745
10739	10746
10740	10747
10741	10748
10742	10749
10743	10750
10744	10751
10745	10752
10746	10753
10747	10754
10748	10755
10749	10756
10750	10757
10751	10758
10752	10759
10753	10760
10754	10761
10755	10762
10756	10763
10757	10764
10758	10765
10759	10766
10760	10767
10761	10768
10762	10769
10763	10770
10764	10771
10765	10772
10766	10773
10767	10774
10768	10775
10769	10776
10770	10777
10771	10778
10772	10779
10773	10780
10774	10781
10775	10782
10776	10783
10777	10784
10778	10785
10779	10786
10780	10787
10781	10788
10782	10789
10783	10790
10784	10791
10785	10792
10786	10793
10787	10794
10788	10795
10789	10796
10790	10797
10791	10798
10792	10799
10793	10800
10794	10801
10795	10802
10796	10803
10797	10804
10798	10805
10799	10806
10800	10807
10801	10808
10802	10809
10803	10810
10804	10811
10805	10812
10806	10813
10807	10814
10808	10815
10809	10816
10810	10817
10811	10818
10812	10819
10813	10820
10814	10821
10815	10822
10816	10823
10817	10824
10818	10825
10819	10826
10820	10827
10821	10828
10822	deleted
10823	10830
10824	10831
10825	10832
10826	10833
10827	10834
10828	10835
10829	10836
10830	10837
10831	10838
10832	10839
10833	10840
10834	10841
10835	10842
10836	10843
10837	10844
10838	10845
10839	10846
10840	10847
10841	10848
10842	10849
10843	10850
10844	10851
10845	10852
10846	10853
10847	10854
10848	10855
10849	10856
10850	10857
10851	10858
10852	10859
10853	10860
10854	10861
10855	10862
10856	10863
10857	10864
10858	10865
10859	10866
10860	10867
10861	deleted
10862	10868
10863	10869
10864	10870
10865	10871
10866	10872
10867	10873
10868	10874
10869	10875
10870	10876
10871	10877
10872	10878
10873	10879
10874	10880
10875	10881
10876	10882
10877	10883
10878	10884
10879	10885
10880	10886
10881	10887
10882	10888
10883	10889
10884	10890
10885	10891
10886	10892
10887	10893
10888	10894
10889	10895
10890	10896
10891	10897
10892	10898
10893	10899
10894	10900
10895	10901
10896	10902
10897	10903
10898	10904
10899	10905
10900	10906
10901	10907
10902	10908
10903	10909
10904	10910
10905	10911
10906	10912
10907	10913
10908	10914
10909	10915
10910	10916
10911	10917
10912	10918
10913	10919
10914	10920
10915	10921
10916	10922
10917	10923
10918	10924
10919	10925
10920	10926
10921	10927
10922	10928
10923	10929
10924	10930
10925	10931
10926	10932
10927	10933
10928	10934
10929	10935
10930	10936
10931	10937
10932	10938
10933	10939
10934	10940
10935	10941
10936	10942
10937	deleted
10938	10943
10939	10944
10940	10945
10941	10947
10942	10948
10943	10949
10944	10950
10945	10951
10946	10952
10947	10953
10948	10954
10949	10955
10950	10956
10951	10957
10952	10958
10953	10959
10954	10960
10955	10961
10956	10962
10957	10963
10958	10964
10959	10965
10960	10966
10961	10967
10962	10968
10963	10969
10964	10970
10965	10971
10966	10972
10967	10973
10968	10974
10969	10975
10970	10976
10971	10977
10972	10978
10973	10979
10974	10980
10975	10981
10976	10982
10977	10983
10978	deleted
10979	10985
10980	10986
10981	10987
10982	10988
10983	10989
10984	10990
10985	10991
10986	10992
10987	10993
10988	10994
10989	10995
10990	10996
10991	10997
10992	10998
10993	10999
10994	11000
10995	11001
10996	11002
10997	11003
10998	11004
10999	11005
11000	11006
11001	11007
11002	11008
11003	11009
11004	11010
11005	11011
11006	11012
11007	11013
11008	11014
11009	11015
11010	11016
11011	11017
11012	11018
11013	11019
11014	11020
11015	11021
11016	11022
11017	11023
11018	11024
11019	11025
11020	11026
11021	11027
11022	11028
11023	11029
11024	11030
11025	11031
11026	11032
11027	11033
11028	11034
11029	11035
11030	11036
11031	11037
11032	11038
11033	11039
11034	11040
11035	11041
11036	11042
11037	11043
11038	11044
11039	11045
11040	11047
11041	11048
11042	11049
11043	11050
11044	11051
11045	11052
11046	11053
11047	11054
11048	11055
11049	11056
11050	11057
11051	11058
11052	11059
11053	11061
11054	11062
11055	11063
11056	11064
11057	11065
11058	11066
11059	11067
11060	11068
11061	11069
11062	11070
11063	11071
11064	11072
11065	11073
11066	11074
11067	11075
11068	11076
11069	11077
11070	11078
11071	11079
11072	11080
11073	11081
11074	11082
11075	11083
11076	11084
11077	11085
11078	11086
11079	11087
11080	11088
11081	11089
11082	11090
11083	11091
11084	11092
11085	11093
11086	11094
11087	11095
11088	11096
11089	11097
11090	11098
11091	11099
11092	11100
11093	11101
11094	11102
11095	11103
11096	11104
11097	11105
11098	11106
11099	11107
11100	deleted
11101	11109
11102	11110
11103	11111
11104	11112
11105	11113
11106	11114
11107	11115
11108	11116
11109	11117
11110	11118
11111	11119
11112	11120
11113	11121
11114	11122
11115	11123
11116	11124
11117	11125
11118	11126
11119	11127
11120	11128
11121	11129
11122	11130
11123	11131
11124	11132
11125	11133
11126	11134
11127	11135
11128	11136
11129	11137
11130	11138
11131	11139
11132	11140
11133	11141
11134	11142
11135	11143
11136	11144
11137	11145
11138	11146
11139	11147
11140	11148
11141	11149
11142	11150
11143	11151
11144	11152
11145	11153
11146	11154
11147	11155
11148	11156
11149	11157
11150	11158
11151	11159
11152	11160
11153	11162
11154	11163
11155	11164
11156	11165
11157	11166
11158	11167
11159	11168
11160	11169
11161	11170
11162	11171
11163	11172
11164	11173
11165	11174
11166	11175
11167	11176
11168	11177
11169	11178
11170	11179
11171	11180
11172	11181
11173	11182
11174	11183
11175	11184
11176	11185
11177	11186
11178	11187
11179	11188
11180	11189
11181	11190
11182	11191
11183	11192
11184	11193
11185	11194
11186	11195
11187	11196
11188	11197
11189	11198
11190	11199
11191	11200
11192	11201
11193	11202
11194	11203
11195	11204
11196	11205
11197	11206
11198	11207
11199	11208
11200	11209
11201	11210
11202	11211
11203	11212
11204	11213
11205	11214
11206	11215
11207	11216
11208	11217
11209	11218
11210	11219
11211	11220
11212	11221
11213	11222
11214	11223
11215	11224
11216	11225
11217	11226
11218	11227
11219	11228
11220	deleted
11221	11229
11222	11231
11223	11232
11224	deleted
11225	11233
11226	11234
11227	11235
11228	11236
11229	11237
11230	11238
11231	11239
11232	11240
11233	11241
11234	11242
11235	11243
11236	11244
11237	11245
11238	11246
11239	11247
11240	11248
11241	11249
11242	11250
11243	11251
11244	11252
11245	11253
11246	11254
11247	11255
11248	11256
11249	11257
11250	11258
11251	11259
11252	11260
11253	11261
11254	11262
11255	11263
11256	11264
11257	11265
11258	11266
11259	11267
11260	11268
11261	11269
11262	11270
11263	11271
11264	11272
11265	11273
11266	11274
11267	11275
11268	11276
11269	11277
11270	11278
11271	11279
11272	11280
11273	11281
11274	11282
11275	11283
11276	11284
11277	11285
11278	11286
11279	11287
11280	11288
11281	11289
11282	11290
11283	11291
11284	11292
11285	11293
11286	11294
11287	11295
11288	11296
11289	11297
11290	11298
11291	11299
11292	11300
11293	11301
11294	11302
11295	11303
11296	deleted
11297	11304
11298	deleted
11299	11305
11300	11306
11301	11307
11302	11308
11303	11309
11304	11310
11305	11311
11306	11312
11307	11313
11308	11314
11309	11315
11310	11316
11311	11317
11312	11318
11313	11319
11314	11320
11315	11321
11316	11322
11317	11323
11318	11324
11319	11325
11320	11326
11321	11327
11322	11328
11323	11329
11324	11330
11325	11331
11326	11332
11327	11333
11328	11334
11329	11335
11330	11336
11331	11337
11332	11338
11333	11339
11334	11340
11335	11341
11336	11342
11337	11343
11338	11344
11339	11345
11340	11346
11341	11347
11342	11348
11343	11349
11344	11350
11345	11351
11346	11352
11347	11353
11348	11354
11349	11355
11350	11356
11351	11357
11352	11358
11353	11359
11354	11360
11355	11361
11356	11362
11357	11363
11358	11364
11359	11365
11360	11366
11361	11367
11362	11368
11363	11369
11364	11370
11365	11371
11366	11372
11367	11373
11368	11374
11369	11375
11370	11376
11371	11377
11372	11378
11373	11379
11374	11380
11375	11381
11376	11382
11377	11383
11378	11384
11379	11385
11380	11386
11381	11387
11382	11388
11383	11389
11384	11390
11385	11391
11386	11392
11387	11393
11388	11394
11389	11395
11390	11396
11391	11397
11392	11398
11393	11399
11394	11400
11395	11401
11396	11402
11397	11403
11398	11404
11399	11405
11400	11406
11401	11407
11402	11408
11403	11409
11404	11410
11405	11411
11406	11412
11407	11413
11408	11414
11409	11415
11410	11416
11411	11417
11412	11418
11413	11419
11414	11420
11415	11421
11416	11422
11417	11423
11418	11424
11419	11425
11420	11426
11421	11427
11422	11428
11423	11429
11424	11430
11425	11431
11426	11432
11427	11433
11428	11434
11429	11435
11430	11436
11431	11437
11432	11438
11433	11439
11434	11440
11435	11441
11436	11442
11437	11443
11438	11444
11439	11445
11440	11446
11441	11447
11442	11448
11443	11449
11444	11450
11445	11451
11446	11452
11447	11453
11448	11454
11449	11455
11450	11456
11451	11457
11452	11458
11453	11459
11454	11460
11455	11461
11456	11462
11457	11463
11458	11465
11459	11466
11460	11467
11461	11468
11462	11469
11463	11470
11464	11471
11465	11472
11466	11473
11467	11474
11468	11475
11469	11476
11470	11477
11471	11478
11472	11479
11473	11480
11474	11481
11475	11482
11476	11483
11477	11484
11478	11485
11479	11486
11480	11487
11481	11488
11482	11489
11483	11490
11484	11491
11485	11492
11486	11493
11487	11494
11488	11495
11489	11496
11490	11497
11491	11498
11492	11499
11493	11500
11494	11501
11495	11502
11496	11503
11497	11504
11498	11505
11499	11506
11500	11507
11501	11508
11502	11509
11503	11510
11504	11511
11505	11512
11506	11513
11507	11514
11508	11515
11509	11516
11510	11517
11511	11518
11512	11519
11513	11520
11514	11521
11515	11522
11516	11523
11517	11524
11518	11525
11519	11526
11520	11527
11521	11528
11522	11529
11523	11530
11524	11531
11525	deleted
11526	11532
11527	11533
11528	11534
11529	11535
11530	11536
11531	11537
11532	11538
11533	11539
11534	11540
11535	11541
11536	11542
11537	11543
11538	11544
11539	11545
11540	11546
11541	11547
11542	11548
11543	11549
11544	11550
11545	11551
11546	11552
11547	11553
11548	11554
11549	11555
11550	11556
11551	11557
11552	11558
11553	11559
11554	11560
11555	11561
11556	11562
11557	11563
11558	11564
11559	11565
11560	11566
11561	11567
11562	11568
11563	11569
11564	11570
11565	11571
11566	11572
11567	11573
11568	11574
11569	11575
11570	11576
11571	11577
11572	11578
11573	11579
11574	11580
11575	11581
11576	11582
11577	11583
11578	11584
11579	11585
11580	11586
11581	11587
11582	11588
11583	11589
11584	11590
11585	11591
11586	11592
11587	11593
11588	11594
11589	11595
11590	11596
11591	11597
11592	11598
11593	11599
11594	11600
11595	11601
11596	11602
11597	11603
11598	11604
11599	11605
11600	11606
11601	11607
11602	11608
11603	11609
11604	11610
11605	11611
11606	11612
11607	11613
11608	11614
11609	11615
11610	11616
11611	11617
11612	11618
11613	11619
11614	11621
11615	11622
11616	11623
11617	11624
11618	11625
11619	11626
11620	11627
11621	11628
11622	11629
11623	11630
11624	11631
11625	11632
11626	11633
11627	11634
11628	11635
11629	11636
11630	11637
11631	11638
11632	11639
11633	11640
11634	11641
11635	11642
11636	11643
11637	11644
11638	11645
11639	11646
11640	11647
11641	11648
11642	11649
11643	11650
11644	11651
11645	11652
11646	11653
11647	11654
11648	11655
11649	11656
11650	11657
11651	11658
11652	11660
11653	11661
11654	11662
11655	11663
11656	11664
11657	11665
11658	11666
11659	11667
11660	11668
11661	11669
11662	11670
11663	11671
11664	11672
11665	11673
11666	11674
11667	11675
11668	11676
11669	11677
11670	11678
11671	11679
11672	11680
11673	11681
11674	11682
11675	11683
11676	11684
11677	11685
11678	11686
11679	11687
11680	11688
11681	11689
11682	11690
11683	11691
11684	11692
11685	11693
11686	11694
11687	11695
11688	11696
11689	11697
11690	11698
11691	11699
11692	11700
11693	11701
11694	11702
11695	11703
11696	11704
11697	11705
11698	11706
11699	11707
11700	11708
11701	11709
11702	11710
11703	11711
11704	11712
11705	11713
11706	11714
11707	11715
11708	11716
11709	11717
11710	11718
11711	11719
11712	11720
11713	11721
11714	11722
11715	11723
11716	11724
11717	11725
11718	11726
11719	11727
11720	11728
11721	11729
11722	11730
11723	11731
11724	11732
11725	11733
11726	11734
11727	11735
11728	11736
11729	11737
11730	11738
11731	11739
11732	11740
11733	11741
11734	11742
11735	11743
11736	11744
11737	11745
11738	11746
11739	11747
11740	11748
11741	11749
11742	11750
11743	11751
11744	11752
11745	11753
11746	11754
11747	11755
11748	11756
11749	11757
11750	11758
11751	11759
11752	11760
11753	11761
11754	11762
11755	11763
11756	11764
11757	11765
11758	11766
11759	11767
11760	11768
11761	11769
11762	11770
11763	11771
11764	11772
11765	11773
11766	11774
11767	11775
11768	11776
11769	11777
11770	11778
11771	11779
11772	11780
11773	11781
11774	11782
11775	11783
11776	11784
11777	11785
11778	11786
11779	11787
11780	11788
11781	11789
11782	11790
11783	11791
11784	11792
11785	11793
11786	11794
11787	11795
11788	11796
11789	11797
11790	11798
11791	11799
11792	11800
11793	11801
11794	11802
11795	11803
11796	11804
11797	11805
11798	11806
11799	11807
11800	11808
11801	11809
11802	11810
11803	11811
11804	11812
11805	11813
11806	11814
11807	11815
11808	11816
11809	11817
11810	11818
11811	11819
11812	11820
11813	11821
11814	11822
11815	11823
11816	11824
11817	11825
11818	11826
11819	11827
11820	11828
11821	11829
11822	11830
11823	11831
11824	11832
11825	11833
11826	11834
11827	11835
11828	11836
11829	11837
11830	11838
11831	11839
11832	11840
11833	11841
11834	11842
11835	11843
11836	11844
11837	11845
11838	11846
11839	11847
11840	11848
11841	11849
11842	11850
11843	11851
11844	11852
11845	11853
11846	11854
11847	11855
11848	11856
11849	11857
11850	11858
11851	11859
11852	11860
11853	deleted
11854	11862
11855	11863
11856	11864
11857	11865
11858	11866
11859	11867
11860	11868
11861	11870
11862	11871
11863	11872
11864	11873
11865	11874
11866	11875
11867	11876
11868	11877
11869	11878
11870	11879
11871	11880
11872	11881
11873	11882
11874	11883
11875	11885
11876	11886
11877	11887
11878	11888
11879	11889
11880	11890
11881	11891
11882	11892
11883	11894
11884	11895
11885	11896
11886	11897
11887	11898
11888	11899
11889	11900
11890	11901
11891	11902
11892	11903
11893	11904
11894	11905
11895	11906
11896	11907
11897	11908
11898	11909
11899	11910
11900	11911
11901	11912
11902	11913
11903	11914
11904	11915
11905	11916
11906	11917
11907	11918
11908	11919
11909	11920
11910	11921
11911	11922
11912	11923
11913	11924
11914	11925
11915	11926
11916	11927
11917	11928
11918	11929
11919	11930
11920	deleted
11921	11932
11922	11933
11923	11934
11924	11935
11925	11936
11926	11937
11927	11938
11928	11939
11929	11940
11930	11941
11931	11942
11932	11943
11933	11944
11934	11945
11935	11946
11936	11947
11937	11948
11938	11949
11939	11950
11940	11951
11941	11952
11942	11954
11943	11955
11944	11956
11945	11958
11946	11959
11947	11960
11948	11961
11949	11962
11950	11963
11951	11964
11952	11965
11953	11966
11954	11967
11955	11968
11956	11969
11957	11970
11958	11971
11959	11972
11960	11973
11961	11974
11962	11975
11963	11976
11964	11977
11965	11978
11966	11979
11967	11980
11968	11981
11969	11982
11970	11983
11971	11984
11972	11985
11973	11986
11974	11987
11975	11988
11976	11989
11977	11990
11978	11991
11979	11992
11980	11993
11981	11994
11982	11995
11983	11996
11984	11997
11985	11998
11986	11999
11987	12000
11988	12001
11989	12002
11990	12003
11991	12004
11992	12005
11993	12006
11994	12007
11995	12008
11996	12009
11997	12010
11998	12011
11999	12012
12000	12013
12001	12014
12002	12015
12003	12016
12004	12017
12005	12018
12006	12019
12007	12020
12008	12021
12009	12022
12010	12023
12011	12024
12012	12025
12013	12026
12014	12027
12015	12028
12016	12029
12017	12030
12018	12031
12019	12032
12020	12033
12021	12034
12022	12035
12023	12036
12024	12037
12025	12038
12026	12039
12027	12040
12028	12041
12029	12042
12030	12043
12031	12044
12032	12045
12033	12046
12034	12047
12035	12048
12036	12049
12037	12050
12038	12051
12039	12052
12040	12053
12041	12054
12042	12055
12043	12056
12044	12057
12045	12058
12046	12059
12047	12060
12048	12061
12049	12062
12050	12063
12051	12064
12052	12065
12053	12066
12054	12067
12055	12068
12056	12069
12057	12070
12058	12071
12059	12072
12060	12073
12061	12074
12062	12075
12063	12076
12064	12077
12065	12078
12066	12079
12067	12080
12068	12081
12069	12082
12070	12083
12071	12084
12072	12085
12073	12086
12074	12087
12075	12088
12076	12090
12077	12091
12078	12092
12079	12093
12080	12094
12081	12095
12082	12096
12083	12097
12084	12098
12085	12099
12086	12100
12087	12101
12088	12102
12089	12103
12090	12104
12091	12105
12092	12106
12093	12107
12094	12108
12095	12109
12096	12110
12097	12111
12098	12112
12099	12113
12100	deleted
12101	12115
12102	12116
12103	12117
12104	12118
12105	12119
12106	12120
12107	12121
12108	12122
12109	12123
12110	12124
12111	12125
12112	12126
12113	12127
12114	12128
12115	12129
12116	12130
12117	12131
12118	12132
12119	12133
12120	12134
12121	12135
12122	12136
12123	12137
12124	12138
12125	12139
12126	12140
12127	12141
12128	12142
12129	12143
12130	12144
12131	12145
12132	12146
12133	12147
12134	12148
12135	12149
12136	12150
12137	12151
12138	12152
12139	12153
12140	12154
12141	12155
12142	12156
12143	12157
12144	12158
12145	12159
12146	12160
12147	12161
12148	12162
12149	12163
12150	12164
12151	12165
12152	12166
12153	12167
12154	12168
12155	12169
12156	12170
12157	12171
12158	12172
12159	12173
12160	12174
12161	12175
12162	12176
12163	12177
12164	12178
12165	12179
12166	12180
12167	12181
12168	12182
12169	12183
12170	12184
12171	12185
12172	12186
12173	12187
12174	12188
12175	12189
12176	12190
12177	12191
12178	12192
12179	12193
12180	12194
12181	12195
12182	12196
12183	12197
12184	12198
12185	12199
12186	12200
12187	12201
12188	12202
12189	12203
12190	12204
12191	12205
12192	12206
12193	12207
12194	12208
12195	12209
12196	12210
12197	12211
12198	12212
12199	12213
12200	12214
12201	12215
12202	12216
12203	12217
12204	12218
12205	12219
12206	12220
12207	12221
12208	12222
12209	12223
12210	12224
12211	12225
12212	12226
12213	12227
12214	12228
12215	12229
12216	12230
12217	12231
12218	12232
12219	12233
12220	12234
12221	12235
12222	12236
12223	12237
12224	12238
12225	12239
12226	12240
12227	12241
12228	12242
12229	12243
12230	12244
12231	12245
12232	12246
12233	12247
12234	12248
12235	12249
12236	12250
12237	12251
12238	12253
12239	12254
12240	12255
12241	12256
12242	12257
12243	12258
12244	12259
12245	12260
12246	12261
12247	12262
12248	12263
12249	12264
12250	12265
12251	12266
12252	12267
12253	12268
12254	12270
12255	12271
12256	12272
12257	12273
12258	deleted
12259	12275
12260	12276
12261	12277
12262	12278
12263	12279
12264	12280
12265	12281
12266	12282
12267	12283
12268	12284
12269	12285
12270	12286
12271	12287
12272	12288
12273	12289
12274	12290
12275	12291
12276	12292
12277	12293
12278	12294
12279	12295
12280	12296
12281	12297
12282	12298
12283	12299
12284	12300
12285	deleted
12286	12301
12287	12302
12288	12303
12289	deleted
12290	12304
12291	12305
12292	12307
12293	12308
12294	12309
12295	12310
12296	12311
12297	12312
12298	12313
12299	12314
12300	12315
12301	12316
12302	12317
12303	12318
12304	12319
12305	12320
12306	12321
12307	12323
12308	12324
12309	12325
12310	12326
12311	12327
12312	12328
12313	12329
12314	12330
12315	12331
12316	12333
12317	12334
12318	12335
12319	12336
12320	12337
12321	12338
12322	12339
12323	12340
12324	12341
12325	12342
12326	12343
12327	12344
12328	12345
12329	12346
12330	12347
12331	12348
12332	12349
12333	12350
12334	12351
12335	12352
12336	12353
12337	12354
12338	12355
12339	12356
12340	12357
12341	12358
12342	12359
12343	12360
12344	12361
12345	12362
12346	12363
12347	12364
12348	12365
12349	12366
12350	12367
12351	12368
12352	12369
12353	12370
12354	12371
12355	12372
12356	12373
12357	12374
12358	12375
12359	12376
12360	12377
12361	12378
12362	12379
12363	12380
12364	12381
12365	12382
12366	12383
12367	12384
12368	12385
12369	12386
12370	12387
12371	12388
12372	12389
12373	12390
12374	12391
12375	12392
12376	12393
12377	12394
12378	12395
12379	12397
12380	12398
12381	12399
12382	12400
12383	12401
12384	12402
12385	12403
12386	12404
12387	12405
12388	12406
12389	12407
12390	12408
12391	12409
12392	12410
12393	12411
12394	12412
12395	12413
12396	12414
12397	12415
12398	12416
12399	12417
12400	12418
12401	12419
12402	12420
12403	12421
12404	12423
12405	12424
12406	12425
12407	12426
12408	12427
12409	12428
12410	12429
12411	12430
12412	12431
12413	12432
12414	12433
12415	12434
12416	12435
12417	12436
12418	12437
12419	12438
12420	12439
12421	12440
12422	12441
12423	12442
12424	12443
12425	12444
12426	12445
12427	12446
12428	12447
12429	12448
12430	12449
12431	12450
12432	12451
12433	12452
12434	12453
12435	12454
12436	12455
12437	12456
12438	12457
12439	12458
12440	12459
12441	12460
12442	12461
12443	12462
12444	12463
12445	12464
12446	12465
12447	12466
12448	12467
12449	12468
12450	12469
12451	12470
12452	12471
12453	12472
12454	12473
12455	12474
12456	12475
12457	12476
12458	12478
12459	12480
12460	12481
12461	12482
12462	12483
12463	12484
12464	12485
12465	12486
12466	12487
12467	12488
12468	12489
12469	12490
12470	12491
12471	12492
12472	12493
12473	12494
12474	12495
12475	12496
12476	12497
12477	12499
12478	12500
12479	12501
12480	12502
12481	12503
12482	12504
12483	12505
12484	12506
12485	12507
12486	12508
12487	12509
12488	12510
12489	12511
12490	12512
12491	12513
12492	12514
12493	12515
12494	12516
12495	12517
12496	12518
12497	12519
12498	12520
12499	12521
12500	12522
12501	12523
12502	12524
12503	12525
12504	12526
12505	12527
12506	12528
12507	12529
12508	12530
12509	12531
12510	12532
12511	12533
12512	12534
12513	12535
12514	12536
12515	deleted
12516	12537
12517	12538
12518	12539
12519	12540
12520	12541
12521	12542
12522	12543
12523	12544
12524	12545
12525	12546
12526	12547
12527	12548
12528	12549
12529	deleted
12530	12550
12531	12551
12532	12552
12533	12553
12534	12554
12535	12555
12536	12556
12537	12557
12538	12558
12539	12559
12540	12560
12541	12561
12542	12562
12543	12563
12544	12564
12545	12565
12546	12566
12547	12567
12548	12568
12549	12569
12550	12570
12551	12571
12552	12572
12553	12573
12554	12574
12555	12575
12556	12576
12557	12577
12558	12578
12559	12579
12560	12580
12561	12581
12562	12582
12563	12583
12564	12584
12565	12585
12566	12586
12567	12587
12568	12588
12569	12589
12570	12590
12571	12591
12572	12592
12573	12593
12574	12594
12575	12595
12576	12596
12577	12597
12578	12598
12579	12599
12580	12600
12581	12601
12582	12602
12583	12603
12584	12604
12585	12605
12586	12606
12587	12607
12588	12608
12589	12609
12590	12610
12591	12611
12592	12612
12593	12613
12594	12614
12595	12615
12596	12616
12597	12617
12598	12618
12599	12619
12600	12620
12601	12621
12602	12622
12603	12623
12604	12624
12605	12625
12606	12626
12607	12627
12608	12629
12609	12630
12610	deleted
12611	12631
12612	12632
12613	12633
12614	12634
12615	12635
12616	12636
12617	12637
12618	12638
12619	12639
12620	12640
12621	12641
12622	12642
12623	12643
12624	12644
12625	12645
12626	12646
12627	12647
12628	12648
12629	12649
12630	12650
12631	12651
12632	12652
12633	12653
12634	12654
12635	12655
12636	12656
12637	12657
12638	deleted
12639	12659
12640	12660
12641	12661
12642	12662
12643	12663
12644	12664
12645	12665
12646	12666
12647	12667
12648	12668
12649	12669
12650	12670
12651	12671
12652	12672
12653	12673
12654	12674
12655	12675
12656	12677
12657	12678
12658	12679
12659	12680
12660	12681
12661	12682
12662	12683
12663	12684
12664	12685
12665	12686
12666	12687
12667	12688
12668	12689
12669	12690
12670	12691
12671	12692
12672	12693
12673	12694
12674	12695
12675	12696
12676	12697
12677	12698
12678	12699
12679	12700
12680	12701
12681	12702
12682	12703
12683	12704
12684	12705
12685	12706
12686	12707
12687	12708
12688	12709
12689	12710
12690	12711
12691	12712
12692	12713
12693	12714
12694	12715
12695	12716
12696	12717
12697	12718
12698	12719
12699	12720
12700	12721
12701	12722
12702	12723
12703	12724
12704	12725
12705	12726
12706	12727
12707	12728
12708	12729
12709	12730
12710	12731
12711	12732
12712	12733
12713	12734
12714	12735
12715	12736
12716	12737
12717	12738
12718	12739
12719	12740
12720	12741
12721	12742
12722	12743
12723	12744
12724	12745
12725	12746
12726	12747
12727	12748
12728	12749
12729	12750
12730	12751
12731	12752
12732	12753
12733	deleted
12734	12755
12735	12756
12736	12757
12737	12759
12738	12760
12739	12761
12740	12762
12741	12763
12742	12764
12743	12765
12744	12766
12745	12767
12746	12768
12747	12769
12748	12770
12749	12771
12750	12772
12751	12773
12752	12774
12753	12775
12754	12776
12755	12777
12756	12778
12757	12779
12758	12780
12759	12781
12760	12782
12761	deleted
12762	12783
12763	12784
12764	12785
12765	12786
12766	12787
12767	12788
12768	12790
12769	12791
12770	12792
12771	12793
12772	12794
12773	12795
12774	12796
12775	12797
12776	12798
12777	12799
12778	12800
12779	12801
12780	12802
12781	12803
12782	12804
12783	12805
12784	12806
12785	12807
12786	12808
12787	12809
12788	12810
12789	12811
12790	12812
12791	12813
12792	12814
12793	12815
12794	12816
12795	12817
12796	12818
12797	12819
12798	12820
12799	12821
12800	12822
12801	12823
12802	12824
12803	12825
12804	12826
12805	12827
12806	12828
12807	12829
12808	12830
12809	12831
12810	12832
12811	12833
12812	12834
12813	12835
12814	12836
12815	12837
12816	12838
12817	12839
12818	12840
12819	12841
12820	12842
12821	12843
12822	12844
12823	12845
12824	12846
12825	12847
12826	12848
12827	12849
12828	12850
12829	12851
12830	12852
12831	12853
12832	12854
12833	12855
12834	12856
12835	12857
12836	12858
12837	12859
12838	12860
12839	12861
12840	12862
12841	12863
12842	deleted
12843	12864
12844	12865
12845	deleted
12846	12867
12847	12868
12848	12869
12849	12870
12850	12871
12851	12872
12852	12873
12853	12874
12854	12875
12855	12876
12856	12877
12857	12878
12858	12879
12859	12880
12860	12881
12861	12882
12862	12883
12863	12884
12864	12885
12865	12886
12866	12888
12867	12889
12868	12890
12869	12891
12870	12892
12871	12893
12872	12894
12873	12895
12874	12896
12875	12897
12876	12898
12877	12899
12878	12900
12879	deleted
12880	12901
12881	12902
12882	12903
12883	12904
12884	12905
12885	12906
12886	12907
12887	12908
12888	12909
12889	12910
12890	12911
12891	12912
12892	12913
12893	12914
12894	12915
12895	12916
12896	12917
12897	12918
12898	12919
12899	12920
12900	12921
12901	12922
12902	12923
12903	12924
12904	12925
12905	12926
12906	12927
12907	12928
12908	12929
12909	12930
12910	12931
12911	12932
12912	12933
12913	12934
12914	12935
12915	12936
12916	12937
12917	12938
12918	12939
12919	12940
12920	12941
12921	12942
12922	12943
12923	12944
12924	12945
12925	12946
12926	12947
12927	12948
12928	12949
12929	12950
12930	12951
12931	12952
12932	12953
12933	12954
12934	12955
12935	12956
12936	12957
12937	12958
12938	12959
12939	12960
12940	12961
12941	12962
12942	12963
12943	12964
12944	12965
12945	12966
12946	12967
12947	12968
12948	12969
12949	12970
12950	12971
12951	12972
12952	12973
12953	12974
12954	12975
12955	12976
12956	12977
12957	12978
12958	12979
12959	12980
12960	12981
12961	12982
12962	12983
12963	12984
12964	12985
12965	12986
12966	12987
12967	12988
12968	12989
12969	12990
12970	12991
12971	12992
12972	12993
12973	12994
12974	12995
12975	12996
12976	12997
12977	12998
12978	12999
12979	13000
12980	13001
12981	13002
12982	13003
12983	13004
12984	13005
12985	13006
12986	13007
12987	13008
12988	13009
12989	13010
12990	13011
12991	13012
12992	13013
12993	13014
12994	13015
12995	13016
12996	13017
12997	13018
12998	13020
12999	13021
13000	13022
13001	13023
13002	13024
13003	13025
13004	13026
13005	13027
13006	13028
13007	13029
13008	13030
13009	13031
13010	13032
13011	13033
13012	13034
13013	13035
13014	13036
13015	13037
13016	13038
13017	13039
13018	13040
13019	13041
13020	13042
13021	13043
13022	13044
13023	13045
13024	13046
13025	13047
13026	13048
13027	13049
13028	13050
13029	13051
13030	13052
13031	13053
13032	13054
13033	13055
13034	13056
13035	13057
13036	13058
13037	13059
13038	13060
13039	13061
13040	13062
13041	13063
13042	13064
13043	13065
13044	13066
13045	13067
13046	13068
13047	13069
13048	13070
13049	13071
13050	13072
13051	13073
13052	13074
13053	13075
13054	13076
13055	13077
13056	13078
13057	13079
13058	13080
13059	13081
13060	13082
13061	13083
13062	13084
13063	13085
13064	13086
13065	13087
13066	13088
13067	13089
13068	13090
13069	13091
13070	13092
13071	13093
13072	13094
13073	13095
13074	13096
13075	13097
13076	13098
13077	13099
13078	13100
13079	13101
13080	13102
13081	13103
13082	13104
13083	13105
13084	13106
13085	13107
13086	13108
13087	13109
13088	13110
13089	13111
13090	13112
13091	deleted
13092	13113
13093	13114
13094	13115
13095	13116
13096	13117
13097	13118
13098	13119
13099	13120
13100	13121
13101	13122
13102	13123
13103	13124
13104	13125
13105	13126
13106	13127
13107	13128
13108	13129
13109	13130
13110	13131
13111	13132
13112	13133
13113	13134
13114	13135
13115	13136
13116	13137
13117	13138
13118	13139
13119	13140
13120	13141
13121	13142
13122	13143
13123	13144
13124	13145
13125	13146
13126	13147
13127	13148
13128	13149
13129	13150
13130	13151
13131	13152
13132	13153
13133	13154
13134	13155
13135	13156
13136	13157
13137	13158
13138	13159
13139	13160
13140	13161
13141	13162
13142	13163
13143	13164
13144	13165
13145	13166
13146	13167
13147	13168
13148	13169
13149	13170
13150	13171
13151	13172
13152	13173
13153	13174
13154	13175
13155	13176
13156	13177
13157	13178
13158	13179
13159	13180
13160	13181
13161	13182
13162	13183
13163	13184
13164	13185
13165	13186
13166	13187
13167	13188
13168	13189
13169	13190
13170	13191
13171	13192
13172	13193
13173	13194
13174	13195
13175	13196
13176	13197
13177	13198
13178	13199
13179	13200
13180	13201
13181	13202
13182	13203
13183	13204
13184	13205
13185	13206
13186	13207
13187	13208
13188	13209
13189	13210
13190	13211
13191	13212
13192	13213
13193	13214
13194	13215
13195	13216
13196	13217
13197	13218
13198	13219
13199	13220
13200	13221
13201	13222
13202	13223
13203	13224
13204	13225
13205	13226
13206	13227
13207	13228
13208	13229
13209	13230
13210	13231
13211	13232
13212	13233
13213	13234
13214	13235
13215	13236
13216	13237
13217	13238
13218	13239
13219	13240
13220	13241
13221	13242
13222	13243
13223	13244
13224	13245
13225	13246
13226	13247
13227	13248
13228	13249
13229	13250
13230	13251
13231	13252
13232	13253
13233	13254
13234	13255
13235	13256
13236	13257
13237	13258
13238	13259
13239	13260
13240	13261
13241	13262
13242	13263
13243	13264
13244	13265
13245	13266
13246	13267
13247	13268
13248	deleted
13249	13270
13250	13271
13251	13272
13252	13273
13253	13274
13254	13275
13255	13276
13256	13277
13257	13278
13258	13279
13259	13280
13260	13281
13261	13282
13262	13283
13263	13284
13264	13285
13265	13286
13266	13287
13267	13288
13268	13289
13269	13290
13270	13291
13271	13292
13272	13293
13273	13294
13274	13295
13275	13296
13276	13297
13277	13298
13278	13299
13279	13300
13280	13301
13281	deleted
13282	13304
13283	13305
13284	13306
13285	13307
13286	13308
13287	13309
13288	13310
13289	13311
13290	13312
13291	13313
13292	13314
13293	13315
13294	13316
13295	13317
13296	13318
13297	13319
13298	13320
13299	13321
13300	13322
13301	13323
13302	13324
13303	13325
13304	13326
13305	13327
13306	13328
13307	13329
13308	deleted
13309	13330
13310	13331
13311	13332
13312	13333
13313	13334
13314	13335
13315	13336
13316	13337
13317	13338
13318	13339
13319	13340
13320	13341
13321	13342
13322	13343
13323	13344
13324	13345
13325	13346
13326	13347
13327	13348
13328	13349
13329	13350
13330	13351
13331	13352
13332	13353
13333	13354
13334	13355
13335	13356
13336	13357
13337	13358
13338	13359
13339	13360
13340	13361
13341	13362
13342	13363
13343	13364
13344	13365
13345	13366
13346	13367
13347	13368
13348	13369
13349	13370
13350	13371
13351	13372
13352	13373
13353	13374
13354	13375
13355	13376
13356	13377
13357	13378
13358	13379
13359	13380
13360	13381
13361	13382
13362	13383
13363	13384
13364	13385
13365	13386
13366	13387
13367	13388
13368	13389
13369	13390
13370	13391
13371	13392
13372	13393
13373	13394
13374	13395
13375	13396
13376	13397
13377	13398
13378	13399
13379	13400
13380	13401
13381	13402
13382	13403
13383	13404
13384	13405
13385	13406
13386	13407
13387	13408
13388	13409
13389	13410
13390	13411
13391	13412
13392	13413
13393	13414
13394	13415
13395	13416
13396	13417
13397	13418
13398	13419
13399	13420
13400	13421
13401	13422
13402	13423
13403	13424
13404	13425
13405	13426
13406	13427
13407	13428
13408	13429
13409	13430
13410	13431
13411	13432
13412	13433
13413	13434
13414	13435
13415	13436
13416	13437
13417	13438
13418	13439
13419	13440
13420	13441
13421	13442
13422	13443
13423	13444
13424	13445
13425	13446
13426	13447
13427	13448
13428	13449
13429	13450
13430	13451
13431	13452
13432	13453
13433	13454
13434	13455
13435	13456
13436	13457
13437	13458
13438	13459
13439	13460
13440	13461
13441	13463
13442	13464
13443	13465
13444	13466
13445	13467
13446	13468
13447	13469
13448	13470
13449	13471
13450	13472
13451	13473
13452	13474
13453	13475
13454	13476
13455	13477
13456	13478
13457	13479
13458	13480
13459	13481
13460	13482
13461	13483
13462	13484
13463	13485
13464	13486
13465	13487
13466	13488
13467	13489
13468	13490
13469	13491
13470	13492
13471	13493
13472	13494
13473	13495
13474	13496
13475	13497
13476	13498
13477	13499
13478	13500
13479	13501
13480	13502
13481	13503
13482	13504
13483	13505
13484	13506
13485	13507
13486	13508
13487	13509
13488	13510
13489	13511
13490	13512
13491	13513
13492	13514
13493	13515
13494	13516
13495	13517
13496	13518
13497	13519
13498	13520
13499	13521
13500	13522
13501	13523
13502	13524
13503	13525
13504	13526
13505	13527
13506	13528
13507	13529
13508	13530
13509	13531
13510	13532
13511	13533
13512	13534
13513	13535
13514	13536
13515	13537
13516	13538
13517	13539
13518	13540
13519	13541
13520	13542
13521	13543
13522	13544
13523	13545
13524	13546
13525	13547
13526	13548
13527	13549
13528	13550
13529	13551
13530	13552
13531	13553
13532	13554
13533	13555
13534	13556
13535	13557
13536	13558
13537	13559
13538	deleted
13539	13560
13540	13561
13541	13562
13542	13563
13543	13564
13544	13565
13545	13566
13546	13567
13547	13568
13548	13569
13549	13570
13550	13571
13551	13572
13552	13573
13553	13574
13554	13575
13555	13576
13556	13577
13557	13578
13558	13579
13559	13580
13560	13581
13561	13582
13562	13583
13563	13584
13564	13585
13565	13586
13566	13587
13567	13588
13568	13589
13569	13590
13570	13591
13571	13592
13572	13593
13573	13594
13574	13595
13575	13596
13576	13597
13577	13598
13578	13599
13579	13600
13580	13601
13581	13602
13582	13603
13583	13604
13584	13605
13585	13606
13586	13607
13587	13608
13588	13609
13589	deleted
13590	13611
13591	13612
13592	13613
13593	13614
13594	13615
13595	13616
13596	13617
13597	13619
13598	13620
13599	13621
13600	13622
13601	13623
13602	13624
13603	13625
13604	13626
13605	13627
13606	13628
13607	13629
13608	13630
13609	13631
13610	13632
13611	13633
13612	13634
13613	13635
13614	13636
13615	13637
13616	13638
13617	13639
13618	13640
13619	13641
13620	13642
13621	13643
13622	13644
13623	13645
13624	13646
13625	13647
13626	13648
13627	13649
13628	13650
13629	13651
13630	13652
13631	13653
13632	13654
13633	13655
13634	13656
13635	13657
13636	13658
13637	13659
13638	13660
13639	13661
13640	13662
13641	13663
13642	13664
13643	13665
13644	13666
13645	13667
13646	13668
13647	13669
13648	13670
13649	deleted
13650	13672
13651	13673
13652	13674
13653	13675
13654	13676
13655	13677
13656	13678
13657	13679
13658	13680
13659	13681
13660	13682
13661	13683
13662	13684
13663	13685
13664	13686
13665	13687
13666	13688
13667	13689
13668	13690
13669	13691
13670	13692
13671	13693
13672	13694
13673	13695
13674	13696
13675	13697
13676	13698
13677	13699
13678	13700
13679	13701
13680	13702
13681	deleted
13682	13703
13683	13704
13684	13705
13685	13706
13686	13707
13687	13708
13688	13709
13689	13710
13690	deleted
13691	13711
13692	13712
13693	13713
13694	13714
13695	13715
13696	13716
13697	13717
13698	13718
13699	13719
13700	13720
13701	13721
13702	13722
13703	13723
13704	13724
13705	deleted
13706	13726
13707	13727
13708	13728
13709	13729
13710	13730
13711	13731
13712	13732
13713	13733
13714	13734
13715	13735
13716	13736
13717	13737
13718	13738
13719	13739
13720	13740
13721	13741
13722	13742
13723	13743
13724	13744
13725	13745
13726	13746
13727	13747
13728	13748
13729	13749
13730	13750
13731	13751
13732	13752
13733	13753
13734	13754
13735	13755
13736	13756
13737	13757
13738	13758
13739	13759
13740	13760
13741	13761
13742	13762
13743	13763
13744	13764
13745	13765
13746	13766
13747	13767
13748	13768
13749	13769
13750	13770
13751	13771
13752	13772
13753	13773
13754	13774
13755	13775
13756	13776
13757	13777
13758	13778
13759	13779
13760	13780
13761	13781
13762	13782
13763	13783
13764	13784
13765	13785
13766	13786
13767	13787
13768	13788
13769	13789
13770	13790
13771	13791
13772	13792
13773	13793
13774	13794
13775	13795
13776	13796
13777	13797
13778	13798
13779	13799
13780	13800
13781	13801
13782	13802
13783	13803
13784	13804
13785	13805
13786	13806
13787	13807
13788	13808
13789	13809
13790	13810
13791	13811
13792	13813
13793	13814
13794	13815
13795	13816
13796	13817
13797	13818
13798	13819
13799	13820
13800	13821
13801	13822
13802	13823
13803	13824
13804	13825
13805	13826
13806	13827
13807	13828
13808	13829
13809	13830
13810	13831
13811	13832
13812	13833
13813	13834
13814	13835
13815	13836
13816	13837
13817	13838
13818	13839
13819	13840
13820	13841
13821	13842
13822	13843
13823	13844
13824	13845
13825	13846
13826	13847
13827	13848
13828	13849
13829	13850
13830	13851
13831	13852
13832	13853
13833	13854
13834	13855
13835	13856
13836	13857
13837	13858
13838	13859
13839	13860
13840	13861
13841	13862
13842	13863
13843	13864
13844	13865
13845	13866
13846	13867
13847	13868
13848	13869
13849	13870
13850	13871
13851	deleted
13852	13872
13853	13873
13854	13874
13855	13875
13856	13876
13857	13877
13858	13878
13859	13879
13860	13880
13861	13881
13862	13882
13863	13883
13864	13884
13865	13885
13866	13886
13867	13887
13868	13889
13869	13890
13870	13891
13871	13892
13872	13893
13873	13894
13874	13895
13875	13896
13876	13897
13877	13898
13878	13899
13879	13900
13880	13901
13881	13902
13882	13903
13883	13904
13884	13905
13885	13906
13886	13908
13887	13909
13888	13910
13889	13911
13890	13912
13891	13913
13892	13914
13893	13915
13894	13916
13895	13917
13896	13918
13897	13919
13898	13920
13899	13921
13900	13922
13901	13924
13902	13925
13903	13926
13904	13927
13905	13928
13906	13929
13907	13930
13908	13931
13909	13932
13910	13933
13911	13934
13912	13935
13913	13936
13914	13937
13915	13938
13916	13939
13917	13940
13918	13941
13919	13942
13920	13943
13921	13944
13922	13945
13923	13946
13924	13947
13925	13948
13926	13949
13927	13950
13928	13951
13929	13952
13930	13953
13931	13954
13932	13955
13933	13956
13934	13957
13935	13958
13936	13959
13937	13960
13938	13961
13939	13962
13940	13963
13941	13964
13942	13965
13943	13967
13944	13968
13945	13969
13946	13970
13947	13971
13948	13972
13949	13973
13950	13974
13951	13975
13952	13976
13953	13977
13954	13978
13955	13979
13956	13980
13957	13981
13958	13982
13959	13983
13960	13984
13961	13985
13962	13986
13963	13987
13964	13988
13965	13989
13966	deleted
13967	13990
13968	13991
13969	13992
13970	13993
13971	13994
13972	13995
13973	13996
13974	13997
13975	13998
13976	13999
13977	14000
13978	deleted
13979	14002
13980	14003
13981	14004
13982	14005
13983	14006
13984	14007
13985	14008
13986	14009
13987	14010
13988	14011
13989	14012
13990	14013
13991	14014
13992	14015
13993	14016
13994	14017
13995	14018
13996	14019
13997	14020
13998	14021
13999	14022
14000	14023
14001	14024
14002	14025
14003	14026
14004	14027
14005	14028
14006	14029
14007	14030
14008	14031
14009	14032
14010	14033
14011	14034
14012	deleted
14013	14035
14014	14036
14015	deleted
14016	14037
14017	14038
14018	14039
14019	14040
14020	14041
14021	14042
14022	14043
14023	14044
14024	14045
14025	14046
14026	deleted
14027	14047
14028	14048
14029	14049
14030	14050
14031	14051
14032	14052
14033	14053
14034	14054
14035	14055
14036	14056
14037	14057
14038	14058
14039	14059
14040	14060
14041	14061
14042	14062
14043	14063
14044	14064
14045	14065
14046	14066
14047	14067
14048	14068
14049	14069
14050	14070
14051	14071
14052	14072
14053	14073
14054	14074
14055	14075
14056	14076
14057	14077
14058	14078
14059	14079
14060	14080
14061	14081
14062	14082
14063	14083
14064	14084
14065	14085
14066	14086
14067	14087
14068	14088
14069	14089
14070	14090
14071	14091
14072	14092
14073	14093
14074	14094
14075	14095
14076	14096
14077	14097
14078	14098
14079	14099
14080	14100
14081	14101
14082	14102
14083	14103
14084	14104
14085	14105
14086	14106
14087	14107
14088	14108
14089	14109
14090	14110
14091	14111
14092	14112
14093	14113
14094	14114
14095	14115
14096	14116
14097	14117
14098	14118
14099	14119
14100	14120
14101	14121
14102	14122
14103	14123
14104	14124
14105	14125
14106	14126
14107	14127
14108	14128
14109	14129
14110	14130
14111	14131
14112	14132
14113	14133
14114	14134
14115	14135
14116	14136
14117	14137
14118	14138
14119	14139
14120	14140
14121	14141
14122	14142
14123	14143
14124	14144
14125	14145
14126	14146
14127	14147
14128	14148
14129	14149
14130	14150
14131	14151
14132	14152
14133	14153
14134	14154
14135	14155
14136	14156
14137	14157
14138	14158
14139	14159
14140	14160
14141	14161
14142	14162
14143	14163
14144	14164
14145	14165
14146	14166
14147	14167
14148	14168
14149	14169
14150	14170
14151	14171
14152	14172
14153	14173
14154	14174
14155	14175
14156	14176
14157	14177
14158	14178
14159	14179
14160	14180
14161	14181
14162	14182
14163	14183
14164	14184
14165	14185
14166	14186
14167	14187
14168	14188
14169	14189
14170	14190
14171	14191
14172	14192
14173	14193
14174	14194
14175	14195
14176	14196
14177	14197
14178	14198
14179	14199
14180	14200
14181	14201
14182	14202
14183	14203
14184	14204
14185	14205
14186	14206
14187	14207
14188	14208
14189	14209
14190	14210
14191	14211
14192	14212
14193	14213
14194	14214
14195	14215
14196	14216
14197	14217
14198	14218
14199	14219
14200	14220
14201	14221
14202	14222
14203	14223
14204	14224
14205	14225
14206	14226
14207	14227
14208	14228
14209	14229
14210	14230
14211	deleted
14212	14232
14213	14233
14214	14234
14215	14235
14216	14236
14217	14237
14218	14238
14219	14239
14220	14240
14221	14241
14222	14242
14223	14243
14224	14244
14225	14245
14226	deleted
14227	14247
14228	14248
14229	14249
14230	14250
14231	14251
14232	14252
14233	14253
14234	14254
14235	14255
14236	14256
14237	14257
14238	14258
14239	14260
14240	14261
14241	14262
14242	14263
14243	14264
14244	deleted
14245	14265
14246	14266
14247	14267
14248	14268
14249	14269
14250	14270
14251	14271
14252	14272
14253	14273
14254	14274
14255	14275
14256	14276
14257	14277
14258	14278
14259	14279
14260	14280
14261	14281
14262	14282
14263	14283
14264	14284
14265	14286
14266	14287
14267	14288
14268	14289
14269	14290
14270	14291
14271	14292
14272	14293
14273	14294
14274	14295
14275	14296
14276	14297
14277	14298
14278	14299
14279	14300
14280	14301
14281	14302
14282	14303
14283	14304
14284	14305
14285	14306
14286	14307
14287	14308
14288	deleted
14289	14309
14290	14310
14291	14311
14292	14312
14293	14313
14294	14314
14295	14315
14296	14316
14297	14317
14298	14318
14299	14319
14300	14320
14301	14321
14302	14322
14303	14323
14304	14324
14305	14325
14306	14326
14307	14327
14308	14328
14309	14329
14310	14331
14311	14332
14312	14333
14313	14334
14314	14335
14315	14336
14316	14337
14317	14338
14318	14339
14319	14340
14320	14341
14321	14342
14322	14343
14323	14345
14324	14346
14325	14347
14326	14348
14327	14349
14328	14350
14329	14351
14330	14352
14331	14353
14332	14354
14333	14355
14334	14356
14335	14357
14336	14358
14337	14359
14338	14360
14339	14361
14340	14362
14341	14363
14342	14364
14343	14365
14344	14366
14345	14367
14346	14368
14347	14369
14348	14370
14349	14371
14350	14372
14351	14373
14352	14374
14353	14375
14354	14376
14355	14377
14356	14378
14357	14379
14358	14380
14359	14381
14360	14382
14361	14383
14362	14384
14363	14385
14364	14386
14365	14387
14366	14388
14367	14389
14368	14390
14369	14391
14370	14392
14371	14393
14372	14394
14373	14395
14374	14396
14375	14397
14376	14398
14377	14399
14378	14400
14379	14401
14380	14402
14381	14403
14382	14404
14383	14405
14384	14406
14385	14407
14386	14408
14387	14409
14388	14410
14389	14411
14390	14412
14391	14413
14392	14414
14393	14415
14394	14416
14395	14417
14396	14418
14397	14419
14398	14420
14399	14421
14400	14422
14401	14423
14402	14424
14403	14425
14404	14426
14405	14427
14406	14428
14407	14429
14408	14430
14409	14431
14410	14432
14411	14433
14412	14434
14413	14435
14414	14436
14415	14437
14416	14438
14417	14439
14418	14440
14419	14441
14420	14442
14421	14443
14422	14444
14423	14445
14424	deleted
14425	14446
14426	14447
14427	14448
14428	14449
14429	14450
14430	14451
14431	14452
14432	14453
14433	14454
14434	14455
14435	14456
14436	14457
14437	14458
14438	14459
14439	14460
14440	14461
14441	14462
14442	14463
14443	14464
14444	14465
14445	14466
14446	14467
14447	14468
14448	14469
14449	14470
14450	14471
14451	14472
14452	14473
14453	14474
14454	14475
14455	14476
14456	14477
14457	14478
14458	14479
14459	14480
14460	14481
14461	14482
14462	14483
14463	14484
14464	14485
14465	14486
14466	14487
14467	14488
14468	14489
14469	14490
14470	14491
14471	14492
14472	14493
14473	14494
14474	14495
14475	14496
14476	14497
14477	14498
14478	14499
14479	14500
14480	14501
14481	14502
14482	14503
14483	14504
14484	14505
14485	14506
14486	14507
14487	14508
14488	14509
14489	14510
14490	14511
14491	14512
14492	14513
14493	14514
14494	14515
14495	14516
14496	14517
14497	14518
14498	14519
14499	14520
14500	14521
14501	14522
14502	14523
14503	14524
14504	14525
14505	14526
14506	14527
14507	14528
14508	14529
14509	14530
14510	14531
14511	14532
14512	14533
14513	14534
14514	14535
14515	14536
14516	14537
14517	14538
14518	14539
14519	14540
14520	14541
14521	14542
14522	14543
14523	14544
14524	14545
14525	14546
14526	14547
14527	14548
14528	14549
14529	14550
14530	14551
14531	14552
14532	14553
14533	14554
14534	14555
14535	14556
14536	14557
14537	14558
14538	14559
14539	14560
14540	14561
14541	14562
14542	14563
14543	14564
14544	14565
14545	14566
14546	14567
14547	14569
14548	14570
14549	14571
14550	14572
14551	14573
14552	14574
14553	14575
14554	14576
14555	14577
14556	14578
14557	14579
14558	14580
14559	14581
14560	14582
14561	14583
14562	14584
14563	14585
14564	14586
14565	14587
14566	14588
14567	14589
14568	14590
14569	14591
14570	14592
14571	14593
14572	14594
14573	14595
14574	14596
14575	14597
14576	14598
14577	14599
14578	14600
14579	14601
14580	14602
14581	14603
14582	14604
14583	14605
14584	14606
14585	14607
14586	14608
14587	14609
14588	14610
14589	14611
14590	14612
14591	14614
14592	14615
14593	14616
14594	14617
14595	14618
14596	14619
14597	14620
14598	14621
14599	14622
14600	14623
14601	14624
14602	14625
14603	14626
14604	14627
14605	14628
14606	14629
14607	14630
14608	14631
14609	14632
14610	14633
14611	14634
14612	14635
14613	14636
14614	14637
14615	14638
14616	14639
14617	14640
14618	14641
14619	14642
14620	14643
14621	14644
14622	14645
14623	14646
14624	14647
14625	14648
14626	14649
14627	14650
14628	14651
14629	14652
14630	14653
14631	14654
14632	14655
14633	14656
14634	14657
14635	deleted
14636	14658
14637	14659
14638	14660
14639	14661
14640	14662
14641	14663
14642	14664
14643	14665
14644	14666
14645	14667
14646	14668
14647	14669
14648	14670
14649	14671
14650	14672
14651	14673
14652	14674
14653	14675
14654	14676
14655	14677
14656	14678
14657	14679
14658	14680
14659	14681
14660	14682
14661	14683
14662	14684
14663	14685
14664	14686
14665	14687
14666	14688
14667	14689
14668	14690
14669	14691
14670	14692
14671	14693
14672	14694
14673	14695
14674	14696
14675	14697
14676	14698
14677	14699
14678	14700
14679	14701
14680	14702
14681	14703
14682	14704
14683	14705
14684	14706
14685	14707
14686	14708
14687	14709
14688	14711
14689	14712
14690	14713
14691	14714
14692	14715
14693	14716
14694	14717
14695	14718
14696	14719
14697	14720
14698	14721
14699	14722
14700	14723
14701	14724
14702	14725
14703	14726
14704	14727
14705	14728
14706	14730
14707	14731
14708	14732
14709	14733
14710	14734
14711	14735
14712	14736
14713	14737
14714	14738
14715	14739
14716	14740
14717	14741
14718	14742
14719	14743
14720	14744
14721	14745
14722	14746
14723	14747
14724	14748
14725	14749
14726	14750
14727	14751
14728	14752
14729	14753
14730	14754
14731	14755
14732	14756
14733	14757
14734	14758
14735	14759
14736	14760
14737	14761
14738	14762
14739	14763
14740	14764
14741	14765
14742	14766
14743	14767
14744	14768
14745	14769
14746	14770
14747	14771
14748	14772
14749	14773
14750	14774
14751	14775
14752	14776
14753	14777
14754	14778
14755	14779
14756	14780
14757	14781
14758	14782
14759	14783
14760	14784
14761	14785
14762	14786
14763	14787
14764	14788
14765	14789
14766	14790
14767	14791
14768	14792
14769	14793
14770	14794
14771	14795
14772	14796
14773	14797
14774	14798
14775	14799
14776	14800
14777	14801
14778	14802
14779	14803
14780	14804
14781	14805
14782	14806
14783	14807
14784	14808
14785	14809
14786	14810
14787	14811
14788	14812
14789	14813
14790	14814
14791	14815
14792	14816
14793	14817
14794	14818
14795	14819
14796	14820
14797	14821
14798	14822
14799	14823
14800	14824
14801	14825
14802	14826
14803	14827
14804	14828
14805	14829
14806	14830
14807	14831
14808	14832
14809	14833
14810	14834
14811	14835
14812	14836
14813	14837
14814	14838
14815	14839
14816	14840
14817	14841
14818	14842
14819	14843
14820	14844
14821	14845
14822	14846
14823	14847
14824	14848
14825	14849
14826	14850
14827	14851
14828	14852
14829	14853
14830	14854
14831	14855
14832	14856
14833	14857
14834	14858
14835	14859
14836	14860
14837	14861
14838	14862
14839	14863
14840	14864
14841	14865
14842	14866
14843	14867
14844	14868
14845	14869
14846	14870
14847	14871
14848	14872
14849	14873
14850	14874
14851	14875
14852	14876
14853	14877
14854	14878
14855	14879
14856	14880
14857	14881
14858	14882
14859	14883
14860	14884
14861	14885
14862	14886
14863	14887
14864	14888
14865	14889
14866	14890
14867	14891
14868	14892
14869	14893
14870	14894
14871	14895
14872	14896
14873	14897
14874	14898
14875	14899
14876	14900
14877	14901
14878	14902
14879	14903
14880	14904
14881	14905
14882	14906
14883	14907
14884	14908
14885	14909
14886	14910
14887	14911
14888	14912
14889	14913
14890	14914
14891	14915
14892	14916
14893	14917
14894	14918
14895	14919
14896	14920
14897	14921
14898	14922
14899	14923
14900	14924
14901	14925
14902	14926
14903	14927
14904	14928
14905	14930
14906	14931
14907	14932
14908	14933
14909	14934
14910	14935
14911	14936
14912	14937
14913	14938
14914	14939
14915	deleted
14916	14941
14917	14942
14918	14943
14919	14944
14920	14945
14921	14946
14922	14947
14923	deleted
14924	14949
14925	14950
14926	14951
14927	14952
14928	14953
14929	14954
14930	14955
14931	14956
14932	14957
14933	14958
14934	14959
14935	14960
14936	14961
14937	14962
14938	14963
14939	14964
14940	14965
14941	14966
14942	14967
14943	14968
14944	14969
14945	14970
14946	14971
14947	14972
14948	14973
14949	14974
14950	14975
14951	14976
14952	14977
14953	14978
14954	14979
14955	14980
14956	14981
14957	14982
14958	14983
14959	14984
14960	14985
14961	14986
14962	14987
14963	14988
14964	14989
14965	14990
14966	14991
14967	14992
14968	14993
14969	14994
14970	14995
14971	14996
14972	14997
14973	14998
14974	14999
14975	15000
14976	15001
14977	15002
14978	15003
14979	15004
14980	15005
14981	15006
14982	15007
14983	15008
14984	15009
14985	15010
14986	15011
14987	15012
14988	deleted
14989	15013
14990	15014
14991	15015
14992	15016
14993	15017
14994	15018
14995	15019
14996	15020
14997	15021
14998	15022
14999	15023
15000	15024
15001	15025
15002	15026
15003	15027
15004	15028
15005	15029
15006	15030
15007	15031
15008	15032
15009	15033
15010	15034
15011	15035
15012	15036
15013	15037
15014	15038
15015	15039
15016	15040
15017	15041
15018	deleted
15019	15042
15020	15043
15021	15044
15022	15045
15023	15046
15024	15047
15025	15048
15026	15049
15027	15050
15028	15051
15029	15052
15030	15053
15031	15054
15032	15055
15033	15056
15034	15057
15035	15058
15036	15059
15037	15060
15038	15061
15039	15062
15040	15063
15041	15064
15042	15065
15043	15066
15044	15067
15045	15068
15046	15069
15047	15070
15048	15071
15049	15072
15050	15073
15051	15074
15052	15075
15053	15076
15054	15077
15055	15078
15056	15079
15057	15080
15058	15081
15059	15082
15060	15083
15061	15084
15062	15085
15063	15086
15064	15087
15065	15088
15066	15089
15067	15090
15068	15091
15069	15092
15070	15093
15071	15094
15072	15095
15073	15096
15074	15097
15075	15098
15076	15099
15077	deleted
15078	15100
15079	15101
15080	15102
15081	15103
15082	15104
15083	15105
15084	15106
15085	15107
15086	15108
15087	15109
15088	15110
15089	15111
15090	15112
15091	15113
15092	15114
15093	15115
15094	15116
15095	15117
15096	15118
15097	15119
15098	15120
15099	15121
15100	15122
15101	15123
15102	15124
15103	15125
15104	15126
15105	15127
15106	15128
15107	15129
15108	15130
15109	15131
15110	15132
15111	15133
15112	15134
15113	15135
15114	15136
15115	15137
15116	15138
15117	15139
15118	15140
15119	15141
15120	15142
15121	15143
15122	15144
15123	15145
15124	15146
15125	15147
15126	15148
15127	15149
15128	15150
15129	15151
15130	15152
15131	15153
15132	15154
15133	15155
15134	15156
15135	15157
15136	15158
15137	15159
15138	15160
15139	15161
15140	15162
15141	15163
15142	15164
15143	15165
15144	15166
15145	15167
15146	15168
15147	15169
15148	15170
15149	15171
15150	15172
15151	15173
15152	15174
15153	15175
15154	15176
15155	15177
15156	15178
15157	15179
15158	15180
15159	15181
15160	15182
15161	15183
15162	15184
15163	15185
15164	15186
15165	15187
15166	15188
15167	15189
15168	15190
15169	15191
15170	15192
15171	15193
15172	15194
15173	15195
15174	15196
15175	15197
15176	15198
15177	15199
15178	15200
15179	15201
15180	15202
15181	15203
15182	15204
15183	15205
15184	15206
15185	15207
15186	15208
15187	15209
15188	15210
15189	15211
15190	15212
15191	15213
15192	15214
15193	15215
15194	15216
15195	15217
15196	15218
15197	15219
15198	15220
15199	15221
15200	15222
15201	15223
15202	15224
15203	15225
15204	15226
15205	15227
15206	15228
15207	15229
15208	15230
15209	15231
15210	15232
15211	15233
15212	15234
15213	15235
15214	15236
15215	15237
15216	15238
15217	15239
15218	15240
15219	15241
15220	15242
15221	15243
15222	15244
15223	15245
15224	15246
15225	15247
15226	15248
15227	15249
15228	15250
15229	15251
15230	15252
15231	15253
15232	15254
15233	15255
15234	15256
15235	15257
15236	15258
15237	15259
15238	15260
15239	15261
15240	15262
15241	15263
15242	15264
15243	15265
15244	15266
15245	15267
15246	15268
15247	15269
15248	15270
15249	15271
15250	15272
15251	15273
15252	15274
15253	15275
15254	15276
15255	15277
15256	15278
15257	15279
15258	15280
15259	15281
15260	15282
15261	15283
15262	15284
15263	15285
15264	15286
15265	15287
15266	15288
15267	15289
15268	15290
15269	15291
15270	15292
15271	15293
15272	15294
15273	15295
15274	15296
15275	15297
15276	15298
15277	15299
15278	15300
15279	15301
15280	15302
15281	15303
15282	15304
15283	15305
15284	15306
15285	15307
15286	15308
15287	15309
15288	15310
15289	15311
15290	15312
15291	15313
15292	15314
15293	15315
15294	15316
15295	15317
15296	15318
15297	15319
15298	15320
15299	15321
15300	15322
15301	15323
15302	15324
15303	15325
15304	15326
15305	15327
15306	15328
15307	15329
15308	15330
15309	15331
15310	15332
15311	15333
15312	15334
15313	15335
15314	15336
15315	15337
15316	15338
15317	15339
15318	15340
15319	15341
15320	15342
15321	15343
15322	15344
15323	15345
15324	15346
15325	15347
15326	15348
15327	15349
15328	15350
15329	15351
15330	15352
15331	15353
15332	deleted
15333	15354
15334	15355
15335	15356
15336	15357
15337	15358
15338	15359
15339	15360
15340	15361
15341	15362
15342	15363
15343	15364
15344	15365
15345	15366
15346	15367
15347	15368
15348	15369
15349	15370
15350	15371
15351	15372
15352	15373
15353	deleted
15354	15374
15355	15375
15356	15376
15357	deleted
15358	15378
15359	15379
15360	15380
15361	15381
15362	15382
15363	15383
15364	15384
15365	15385
15366	15386
15367	15387
15368	15388
15369	15389
15370	15390
15371	15391
15372	15392
15373	15393
15374	15394
15375	15395
15376	15396
15377	15397
15378	15398
15379	15399
15380	15400
15381	15401
15382	15402
15383	15403
15384	15404
15385	15405
15386	15406
15387	15407
15388	15408
15389	15409
15390	15410
15391	15411
15392	15412
15393	15413
15394	15414
15395	15415
15396	15416
15397	15417
15398	15418
15399	15419
15400	15420
15401	15421
15402	15422
15403	15423
15404	15424
15405	15425
15406	15426
15407	15427
15408	15428
15409	15429
15410	15430
15411	15431
15412	15432
15413	15433
15414	15434
15415	15435
15416	15436
15417	15437
15418	15438
15419	15439
15420	15440
15421	15441
15422	15442
15423	15443
15424	15444
15425	15445
15426	15446
15427	15447
15428	15448
15429	15449
15430	15450
15431	15451
15432	15452
15433	15453
15434	15454
15435	15455
15436	15456
15437	15457
15438	15458
15439	15459
15440	15460
15441	15461
15442	15462
15443	15463
15444	15464
15445	15465
15446	15466
15447	15467
15448	15468
15449	15469
15450	15470
15451	15471
15452	15472
15453	15473
15454	15474
15455	15475
15456	15476
15457	15477
15458	15478
15459	15479
15460	15480
15461	15481
15462	15482
15463	15483
15464	15484
15465	15485
15466	15486
15467	15487
15468	15488
15469	15489
15470	15490
15471	15491
15472	15492
15473	15493
15474	15494
15475	15495
15476	15496
15477	15497
15478	15498
15479	15499
15480	15500
15481	15501
15482	15502
15483	15503
15484	15504
15485	15505
15486	15506
15487	15507
15488	15508
15489	15509
15490	15510
15491	15511
15492	15512
15493	15513
15494	15514
15495	15515
15496	15516
15497	15517
15498	15518
15499	15519
15500	15520
15501	15521
15502	deleted
15503	15523
15504	15524
15505	15525
15506	15526
15507	15527
15508	15528
15509	15529
15510	15530
15511	15531
15512	15532
15513	15533
15514	15534
15515	15535
15516	15536
15517	15537
15518	15538
15519	15539
15520	15540
15521	15541
15522	15542
15523	15543
15524	15544
15525	15545
15526	15546
15527	15547
15528	15548
15529	15549
15530	15550
15531	15551
15532	15552
15533	15553
15534	15554
15535	15555
15536	15556
15537	15557
15538	15558
15539	15559
15540	15560
15541	15561
15542	15562
15543	15563
15544	15564
15545	15565
15546	15566
15547	15567
15548	15568
15549	15569
15550	15570
15551	15571
15552	15572
15553	15573
15554	15574
15555	15575
15556	15576
15557	15577
15558	15578
15559	15579
15560	15580
15561	15581
15562	15582
15563	15583
15564	15584
15565	15585
15566	15586
15567	15587
15568	15588
15569	15589
15570	15590
15571	15591
15572	15592
15573	15593
15574	15594
15575	15595
15576	15596
15577	15597
15578	15598
15579	15599
15580	15600
15581	15601
15582	15602
15583	15603
15584	15604
15585	15605
15586	15606
15587	15607
15588	15608
15589	15609
15590	15610
15591	15611
15592	15612
15593	15613
15594	15614
15595	15615
15596	15616
15597	15617
15598	15618
15599	15619
15600	15620
15601	15621
15602	15622
15603	15623
15604	15624
15605	15625
15606	15626
15607	15627
15608	15628
15609	15629
15610	15630
15611	15631
15612	15632
15613	15633
15614	15634
15615	15635
15616	15636
15617	15637
15618	15638
15619	15639
15620	15640
15621	15641
15622	15642
15623	15643
15624	15644
15625	15645
15626	15646
15627	15647
15628	15648
15629	15649
15630	15650
15631	15651
15632	15652
15633	15653
15634	15654
15635	15655
15636	15656
15637	15657
15638	15658
15639	15659
15640	15660
15641	15661
15642	15662
15643	15663
15644	15664
15645	15665
15646	15666
15647	15667
15648	15668
15649	15669
15650	15670
15651	15671
15652	15673
15653	15674
15654	15675
15655	15676
15656	15677
15657	15678
15658	15679
15659	15680
15660	15681
15661	15682
15662	15683
15663	15684
15664	15685
15665	15686
15666	15687
15667	15688
15668	15689
15669	15690
15670	15691
15671	15692
15672	15693
15673	15694
15674	15695
15675	15696
15676	15697
15677	15698
15678	15699
15679	15700
15680	15701
15681	15702
15682	15703
15683	15704
15684	15705
15685	15706
15686	15707
15687	15708
15688	15709
15689	15710
15690	15711
15691	15712
15692	15713
15693	15714
15694	15715
15695	15716
15696	15717
15697	15718
15698	15719
15699	15720
15700	15721
15701	15722
15702	15723
15703	15724
15704	15725
15705	15726
15706	15727
15707	15728
15708	15729
15709	15730
15710	15731
15711	15732
15712	15733
15713	15734
15714	15735
15715	15736
15716	15737
15717	15738
15718	15739
15719	15740
15720	15741
15721	15742
15722	15743
15723	15744
15724	15745
15725	15746
15726	15747
15727	15748
15728	15749
15729	15750
15730	15751
15731	15752
15732	15753
15733	15754
15734	15755
15735	15756
15736	15757
15737	15758
15738	15759
15739	15760
15740	15761
15741	15762
15742	15763
15743	15764
15744	15765
15745	15766
15746	15767
15747	15768
15748	15769
15749	15770
15750	15771
15751	15772
15752	15773
15753	15774
15754	15775
15755	15776
15756	15777
15757	15778
15758	15779
15759	15780
15760	15781
15761	15782
15762	15783
15763	15784
15764	15785
15765	15786
15766	15787
15767	15788
15768	15789
15769	15790
15770	15791
15771	15792
15772	15793
15773	15794
15774	15795
15775	15796
15776	15797
15777	15798
15778	15799
15779	15800
15780	15801
15781	15802
15782	15803
15783	15804
15784	15805
15785	15806
15786	15807
15787	15808
15788	15809
15789	15810
15790	15811
15791	15813
15792	15814
15793	15815
15794	15816
15795	15817
15796	15818
15797	15819
15798	15820
15799	15821
15800	15822
15801	deleted
15802	15824
15803	15825
15804	15826
15805	15827
15806	15828
15807	15829
15808	15830
15809	15831
15810	15832
15811	15833
15812	15834
15813	15835
15814	15836
15815	15837
15816	15838
15817	15839
15818	15840
15819	15841
15820	15842
15821	15843
15822	15844
15823	15845
15824	15846
15825	15847
15826	15848
15827	15849
15828	15850
15829	15851
15830	15852
15831	15853
15832	15854
15833	15855
15834	15856
15835	15857
15836	15858
15837	15859
15838	15860
15839	15861
15840	15862
15841	15863
15842	15864
15843	15865
15844	15866
15845	15867
15846	15868
15847	15869
15848	15870
15849	15871
15850	15872
15851	15873
15852	15874
15853	15875
15854	15876
15855	15877
15856	15878
15857	15879
15858	15880
15859	15881
15860	15882
15861	15883
15862	15885
15863	15886
15864	15887
15865	15888
15866	15889
15867	15890
15868	15891
15869	15892
15870	15893
15871	15894
15872	15895
15873	15896
15874	15897
15875	15898
15876	15899
15877	15900
15878	15901
15879	15902
15880	15903
15881	15904
15882	15905
15883	15906
15884	15907
15885	15908
15886	15909
15887	15910
15888	15911
15889	15912
15890	15913
15891	15914
15892	15915
15893	15916
15894	15917
15895	15918
15896	15919
15897	15920
15898	15921
15899	15922
15900	15923
15901	15924
15902	15925
15903	15926
15904	15927
15905	15928
15906	15929
15907	15930
15908	15931
15909	15932
15910	15933
15911	15934
15912	15935
15913	15936
15914	15937
15915	15938
15916	15939
15917	15940
15918	15941
15919	15942
15920	15943
15921	15944
15922	15945
15923	15946
15924	15947
15925	15948
15926	15949
15927	15950
15928	15951
15929	15952
15930	15953
15931	15954
15932	15955
15933	15956
15934	15957
15935	15958
15936	15959
15937	15960
15938	15961
15939	15962
15940	15963
15941	15964
15942	15965
15943	15966
15944	15967
15945	15968
15946	15969
15947	15970
15948	15971
15949	15972
15950	15973
15951	15974
15952	15975
15953	15976
15954	15977
15955	15978
15956	deleted
15957	15980
15958	15981
15959	15982
15960	15983
15961	15984
15962	15985
15963	15986
15964	15987
15965	15988
15966	15989
15967	15990
15968	15991
15969	15992
15970	15993
15971	15994
15972	15995
15973	15996
15974	15997
15975	15998
15976	15999
15977	16000
15978	16001
15979	16002
15980	16003
15981	16004
15982	16005
15983	16006
15984	16007
15985	16008
15986	16009
15987	16010
15988	16011
15989	16012
15990	16013
15991	16014
15992	16015
15993	16016
15994	16017
15995	16018
15996	16019
15997	16020
15998	16021
15999	16022
16000	16023
16001	16024
16002	16025
16003	16026
16004	16027
16005	16028
16006	16029
16007	16030
16008	16031
16009	16032
16010	16033
16011	16034
16012	16035
16013	16036
16014	16037
16015	16038
16016	16039
16017	16040
16018	16041
16019	16042
16020	16043
16021	16044
16022	16045
16023	16046
16024	16047
16025	16048
16026	16049
16027	16050
16028	16051
16029	16052
16030	16053
16031	16054
16032	16055
16033	16056
16034	16057
16035	16058
16036	16059
16037	16060
16038	16061
16039	16062
16040	16063
16041	16064
16042	16065
16043	16066
16044	16067
16045	16068
16046	16069
16047	16070
16048	16071
16049	16072
16050	16073
16051	16074
16052	16075
16053	16076
16054	16077
16055	16078
16056	16079
16057	16080
16058	16081
16059	16082
16060	16083
16061	16084
16062	16085
16063	16086
16064	16087
16065	16088
16066	16089
16067	16090
16068	16091
16069	16092
16070	16093
16071	16094
16072	16095
16073	16096
16074	16097
16075	16098
16076	16099
16077	16100
16078	16101
16079	16102
16080	16103
16081	16104
16082	16105
16083	16106
16084	16107
16085	16108
16086	16109
16087	16110
16088	16111
16089	16112
16090	16113
16091	16114
16092	16115
16093	16116
16094	16117
16095	16118
16096	16119
16097	16120
16098	16121
16099	16122
16100	16123
16101	16124
16102	16125
16103	16126
16104	16127
16105	deleted
16106	16128
16107	16129
16108	16130
16109	16131
16110	16132
16111	16133
16112	16134
16113	16135
16114	16136
16115	16137
16116	16138
16117	16139
16118	16140
16119	16141
16120	16142
16121	16143
16122	16144
16123	16145
16124	16146
16125	16147
16126	16148
16127	16149
16128	16150
16129	16151
16130	16152
16131	16153
16132	16154
16133	16155
16134	16156
16135	16157
16136	16158
16137	16159
16138	16160
16139	16161
16140	16162
16141	16163
16142	16164
16143	16165
16144	16166
16145	16168
16146	16169
16147	16170
16148	16171
16149	16172
16150	16173
16151	16174
16152	16175
16153	16176
16154	16177
16155	16178
16156	16179
16157	16180
16158	16181
16159	16182
16160	16183
16161	16184
16162	16185
16163	16186
16164	16187
16165	16188
16166	16189
16167	16190
16168	16191
16169	16192
16170	16193
16171	16194
16172	16195
16173	16196
16174	16197
16175	16198
16176	16199
16177	16200
16178	16201
16179	16202
16180	16203
16181	16204
16182	16205
16183	16206
16184	16207
16185	16208
16186	16209
16187	16210
16188	16211
16189	16212
16190	16213
16191	16214
16192	16215
16193	16216
16194	16217
16195	16218
16196	16219
16197	16220
16198	16221
16199	16222
16200	16223
16201	16224
16202	16225
16203	16226
16204	16227
16205	16228
16206	16229
16207	16230
16208	16231
16209	16232
16210	16233
16211	16234
16212	16235
16213	16236
16214	16237
16215	16238
16216	16239
16217	16240
16218	16241
16219	16242
16220	16243
16221	16244
16222	16245
16223	16246
16224	16247
16225	16248
16226	16249
16227	16250
16228	16251
16229	16252
16230	16253
16231	16254
16232	16255
16233	deleted
16234	16257
16235	16258
16236	16259
16237	16260
16238	16261
16239	16262
16240	16263
16241	16264
16242	16265
16243	16266
16244	16267
16245	16268
16246	16269
16247	16270
16248	16271
16249	16272
16250	16273
16251	16274
16252	16275
16253	16276
16254	16277
16255	16278
16256	16279
16257	16280
16258	16281
16259	16282
16260	16283
16261	16284
16262	16285
16263	16286
16264	16287
16265	16288
16266	16289
16267	16290
16268	16291
16269	16292
16270	16293
16271	16294
16272	16295
16273	16296
16274	16297
16275	16298
16276	16299
16277	16300
16278	16301
16279	16302
16280	16303
16281	16304
16282	16305
16283	16306
16284	16307
16285	16308
16286	16309
16287	16310
16288	16311
16289	16312
16290	16313
16291	16315
16292	16316
16293	16317
16294	16318
16295	16319
16296	16320
16297	16321
16298	16322
16299	16323
16300	16324
16301	16325
16302	16326
16303	16327
16304	16328
16305	16329
16306	16330
16307	16331
16308	16332
16309	16333
16310	16334
16311	16335
16312	16336
16313	16337
16314	16338
16315	16339
16316	16340
16317	16341
16318	16342
16319	16343
16320	16344
16321	16345
16322	16346
16323	16347
16324	16348
16325	16349
16326	16350
16327	16351
16328	16352
16329	16353
16330	16354
16331	16355
16332	16356
16333	16357
16334	16358
16335	16359
16336	16360
16337	16361
16338	16362
16339	16363
16340	16364
16341	16365
16342	16366
16343	16367
16344	16368
16345	16369
16346	16370
16347	16371
16348	16372
16349	16373
16350	16374
16351	16375
16352	16376
16353	16377
16354	16378
16355	16379
16356	16380
16357	16381
16358	16382
16359	16383
16360	16384
16361	16385
16362	16386
16363	16387
16364	16388
16365	16389
16366	16390
16367	16391
16368	16392
16369	16393
16370	16394
16371	16395
16372	16396
16373	16397
16374	16398
16375	16399
16376	16400
16377	16401
16378	16402
16379	16403
16380	16404
16381	16405
16382	16406
16383	16407
16384	16408
16385	16409
16386	16410
16387	deleted
16388	16412
16389	16413
16390	16414
16391	16415
16392	16416
16393	16417
16394	16418
16395	16419
16396	16420
16397	16421
16398	16422
16399	16423
16400	16424
16401	16425
16402	16426
16403	16427
16404	16428
16405	16429
16406	16430
16407	16431
16408	16432
16409	16433
16410	16434
16411	16435
16412	16436
16413	16437
16414	16438
16415	16439
16416	16440
16417	16441
16418	16442
16419	16443
16420	16444
16421	16445
16422	16446
16423	16447
16424	16448
16425	16449
16426	16450
16427	16451
16428	16452
16429	16453
16430	16454
16431	16455
16432	16456
16433	16457
16434	16458
16435	16459
16436	16460
16437	16461
16438	16462
16439	16463
16440	16464
16441	16465
16442	16466
16443	deleted
16444	16467
16445	16468
16446	16469
16447	16470
16448	16471
16449	16472
16450	16473
16451	16474
16452	16475
16453	16476
16454	16477
16455	16478
16456	16479
16457	16480
16458	16481
16459	16482
16460	16483
16461	16484
16462	16485
16463	16486
16464	16487
16465	16488
16466	16489
16467	16490
16468	16491
16469	16492
16470	16493
16471	16494
16472	16495
16473	16496
16474	16497
16475	16498
16476	16499
16477	16500
16478	16501
16479	16502
16480	16503
16481	16504
16482	16505
16483	16506
16484	16507
16485	16508
16486	16509
16487	16510
16488	16511
16489	16512
16490	16513
16491	16514
16492	16516
16493	16517
16494	16518
16495	16519
16496	16520
16497	16521
16498	16522
16499	16523
16500	16524
16501	16525
16502	16526
16503	16527
16504	16528
16505	16529
16506	16530
16507	16531
16508	16532
16509	16533
16510	16534
16511	16535
16512	16536
16513	16537
16514	16538
16515	16539
16516	16540
16517	16541
16518	16542
16519	16543
16520	16544
16521	16545
16522	16546
16523	16547
16524	16548
16525	16549
16526	16550
16527	16551
16528	16552
16529	16553
16530	16554
16531	16555
16532	16556
16533	16557
16534	16558
16535	16559
16536	16560
16537	16561
16538	16562
16539	16563
16540	16564
16541	16565
16542	16566
16543	16567
16544	16568
16545	16569
16546	16570
16547	16571
16548	16572
16549	16573
16550	16574
16551	16575
16552	16576
16553	16577
16554	16578
16555	16579
16556	16580
16557	16581
16558	16582
16559	16583
16560	16584
16561	16585
16562	16587
16563	16588
16564	16589
16565	16590
16566	16591
16567	16592
16568	16593
16569	16594
16570	16595
16571	16596
16572	16597
16573	16598
16574	16599
16575	16600
16576	16601
16577	16602
16578	16603
16579	16604
16580	16605
16581	16606
16582	16607
16583	16608
16584	16609
16585	16610
16586	16611
16587	16612
16588	16613
16589	deleted
16590	16614
16591	deleted
16592	16615
16593	16616
16594	16617
16595	16618
16596	16619
16597	16620
16598	16621
16599	16622
16600	16623
16601	16624
16602	16625
16603	16626
16604	16627
16605	16628
16606	16629
16607	16630
16608	16631
16609	16632
16610	16633
16611	16634
16612	16635
16613	16636
16614	16637
16615	16638
16616	16639
16617	16640
16618	16641
16619	16642
16620	16643
16621	16644
16622	16645
16623	16646
16624	16647
16625	16648
16626	16649
16627	16650
16628	16651
16629	16652
16630	16653
16631	16654
16632	16655
16633	16656
16634	16657
16635	16658
16636	16660
16637	16661
16638	16662
16639	16663
16640	16664
16641	16665
16642	16666
16643	16667
16644	16668
16645	deleted
16646	16671
16647	16672
16648	16673
16649	16674
16650	16675
16651	16676
16652	16677
16653	16678
16654	16679
16655	16680
16656	16681
16657	16682
16658	16683
16659	16684
16660	16685
16661	16686
16662	16687
16663	16688
16664	16689
16665	16690
16666	16691
16667	16692
16668	16693
16669	deleted
16670	16695
16671	deleted
16672	16697
16673	16698
16674	16699
16675	16700
16676	16701
16677	16702
16678	16703
16679	16704
16680	16705
16681	16706
16682	16707
16683	16708
16684	16709
16685	16710
16686	16711
16687	16712
16688	16713
16689	16714
16690	16715
16691	16716
16692	16717
16693	16718
16694	16719
16695	16720
16696	16721
16697	16722
16698	16723
16699	16724
16700	16725
16701	16726
16702	16727
16703	16728
16704	16729
16705	16730
16706	16731
16707	16732
16708	16733
16709	16734
16710	16735
16711	16736
16712	16737
16713	16738
16714	16739
16715	16740
16716	16741
16717	16742
16718	16743
16719	16744
16720	16745
16721	16746
16722	16747
16723	16748
16724	16749
16725	16750
16726	16751
16727	16752
16728	16753
16729	16754
16730	16755
16731	16756
16732	16757
16733	16758
16734	16759
16735	16760
16736	16761
16737	16762
16738	16763
16739	16764
16740	16765
16741	16766
16742	16767
16743	16768
16744	16769
16745	16770
16746	16771
16747	16772
16748	16773
16749	16774
16750	16775
16751	16776
16752	16777
16753	16778
16754	16779
16755	16780
16756	16781
16757	16782
16758	16783
16759	16784
16760	16785
16761	16786
16762	16787
16763	16788
16764	16789
16765	16790
16766	16791
16767	16792
16768	16793
16769	16794
16770	16795
16771	16796
16772	16797
16773	16798
16774	16799
16775	16800
16776	16801
16777	16802
16778	16803
16779	16804
16780	16805
16781	16806
16782	16807
16783	16808
16784	16809
16785	16810
16786	16811
16787	16812
16788	16813
16789	16814
16790	16815
16791	16816
16792	16817
16793	16818
16794	16819
16795	16820
16796	16821
16797	16822
16798	16823
16799	16824
16800	16825
16801	16826
16802	16827
16803	16828
16804	16829
16805	16830
16806	16831
16807	16832
16808	16833
16809	16834
16810	16835
16811	16836
16812	16837
16813	16838
16814	16839
16815	16840
16816	16841
16817	16842
16818	16843
16819	16844
16820	16845
16821	16846
16822	16847
16823	16848
16824	16849
16825	16850
16826	16851
16827	16852
16828	16853
16829	16854
16830	16855
16831	16856
16832	16857
16833	16858
16834	16859
16835	16860
16836	16861
16837	16862
16838	16863
16839	16864
16840	16865
16841	16866
16842	16867
16843	16868
16844	16869
16845	16870
16846	16871
16847	16872
16848	16873
16849	16874
16850	16875
16851	16876
16852	16877
16853	16878
16854	16879
16855	16880
16856	16881
16857	16882
16858	16883
16859	16884
16860	16885
16861	16886
16862	16887
16863	16888
16864	16889
16865	16890
16866	16891
16867	16892
16868	16893
16869	16894
16870	16895
16871	16896
16872	16897
16873	16898
16874	16899
16875	16900
16876	16901
16877	16902
16878	16903
16879	16904
16880	16905
16881	16906
16882	16907
16883	16908
16884	16909
16885	16910
16886	16911
16887	16912
16888	16913
16889	16914
16890	16915
16891	16916
16892	16917
16893	16918
16894	16919
16895	16920
16896	16921
16897	16922
16898	16923
16899	16924
16900	16925
16901	16926
16902	16927
16903	16928
16904	16929
16905	16930
16906	16931
16907	16932
16908	16933
16909	16934
16910	16935
16911	16936
16912	16937
16913	16938
16914	16939
16915	16940
16916	16941
16917	16942
16918	16943
16919	16944
16920	16945
16921	16946
16922	16947
16923	16948
16924	16949
16925	16950
16926	16951
16927	16952
16928	16953
16929	16954
16930	16955
16931	16956
16932	16957
16933	16958
16934	16959
16935	16960
16936	16961
16937	16962
16938	16963
16939	16964
16940	16965
16941	16966
16942	16967
16943	16968
16944	16969
16945	16970
16946	16971
16947	16972
16948	16973
16949	16974
16950	16975
16951	16976
16952	16977
16953	16978
16954	16979
16955	16980
16956	16981
16957	16982
16958	16983
16959	16984
16960	16985
16961	16986
16962	16987
16963	16988
16964	16989
16965	16990
16966	16991
16967	16992
16968	16993
16969	16994
16970	16995
16971	16996
16972	16997
16973	16998
16974	16999
16975	17000
16976	17001
16977	17002
16978	17003
16979	17004
16980	17005
16981	17006
16982	17007
16983	17008
16984	17009
16985	17010
16986	17011
16987	17012
16988	17013
16989	17014
16990	17015
16991	17016
16992	17017
16993	17018
16994	17019
16995	17020
16996	17021
16997	17022
16998	17023
16999	17024
17000	17025
17001	17026
17002	17027
17003	17028
17004	17029
17005	17030
17006	17031
17007	17032
17008	17033
17009	17034
17010	17035
17011	17036
17012	17037
17013	17038
17014	17039
17015	17040
17016	17041
17017	17042
17018	17043
17019	17044
17020	17045
17021	17046
17022	17047
17023	17048
17024	17049
17025	deleted
17026	17050
17027	17051
17028	17052
17029	17053
17030	17054
17031	17055
17032	17056
17033	17057
17034	17058
17035	17059
17036	17060
17037	17061
17038	17062
17039	17063
17040	17065
17041	17066
17042	17067
17043	17068
17044	17069
17045	17070
17046	17071
17047	17072
17048	17073
17049	17074
17050	17075
17051	17076
17052	17077
17053	17078
17054	17079
17055	17081
17056	17082
17057	17083
17058	17084
17059	17085
17060	17086
17061	17087
17062	17088
17063	17089
17064	17090
17065	17091
17066	17092
17067	17093
17068	17094
17069	17095
17070	17096
17071	17097
17072	17098
17073	17099
17074	17100
17075	17101
17076	17102
17077	17103
17078	17104
17079	17105
17080	17106
17081	17107
17082	17108
17083	17109
17084	deleted
17085	17110
17086	17111
17087	17112
17088	17113
17089	17114
17090	17115
17091	17116
17092	17117
17093	17118
17094	17119
17095	17120
17096	17121
17097	deleted
17098	17123
17099	17124
17100	17125
17101	17126
17102	17127
17103	17128
17104	17129
17105	17130
17106	17131
17107	17132
17108	17133
17109	17134
17110	17135
17111	17136
17112	17137
17113	deleted
17114	17138
17115	17139
17116	17140
17117	17142
17118	17143
17119	17144
17120	17145
17121	17146
17122	17147
17123	17148
17124	17149
17125	17150
17126	17151
17127	17152
17128	17153
17129	17154
17130	17155
17131	17156
17132	17157
17133	17158
17134	17159
17135	17160
17136	17161
17137	17162
17138	17163
17139	17164
17140	17165
17141	17166
17142	17167
17143	17168
17144	17169
17145	17170
17146	17171
17147	17172
17148	17173
17149	17174
17150	deleted
17151	17175
17152	17176
17153	17177
17154	17178
17155	17179
17156	17181
17157	17182
17158	17183
17159	17184
17160	17185
17161	17186
17162	17187
17163	17188
17164	17189
17165	17190
17166	17191
17167	17192
17168	17193
17169	17194
17170	17195
17171	17196
17172	17197
17173	17198
17174	17199
17175	17200
17176	17201
17177	17202
17178	17203
17179	17204
17180	17205
17181	17206
17182	17207
17183	17208
17184	17209
17185	17210
17186	17211
17187	17212
17188	17213
17189	17214
17190	17215
17191	17216
17192	deleted
17193	17217
17194	17218
17195	17219
17196	17221
17197	17222
17198	17223
17199	17224
17200	17225
17201	deleted
17202	17227
17203	17228
17204	17229
17205	17230
17206	17231
17207	17232
17208	17233
17209	17234
17210	17235
17211	17236
17212	17237
17213	17238
17214	17239
17215	17240
17216	17241
17217	17242
17218	17243
17219	17244
17220	17245
17221	17246
17222	17247
17223	17248
17224	17249
17225	17250
17226	17251
17227	17252
17228	17253
17229	17254
17230	17255
17231	17256
17232	17257
17233	17258
17234	17259
17235	17260
17236	17261
17237	17262
17238	17263
17239	17264
17240	17265
17241	17266
17242	17267
17243	17268
17244	17269
17245	17270
17246	17271
17247	17272
17248	17273
17249	17274
17250	17275
17251	17276
17252	17277
17253	17278
17254	17279
17255	17280
17256	17281
17257	17282
17258	17283
17259	17284
17260	17285
17261	17286
17262	17287
17263	17288
17264	17289
17265	17290
17266	17291
17267	17292
17268	17293
17269	17294
17270	17295
17271	17296
17272	17297
17273	17298
17274	17299
17275	17300
17276	17301
17277	17302
17278	17303
17279	17304
17280	17305
17281	17306
17282	17307
17283	17308
17284	17309
17285	17310
17286	17311
17287	17312
17288	17313
17289	17314
17290	17315
17291	17316
17292	17317
17293	17318
17294	17319
17295	17320
17296	17321
17297	17322
17298	17323
17299	17324
17300	17325
17301	17326
17302	17327
17303	17328
17304	17329
17305	17330
17306	17331
17307	17332
17308	17333
17309	17334
17310	17335
17311	17336
17312	17337
17313	17338
17314	17339
17315	17340
17316	17341
17317	17342
17318	17343
17319	17344
17320	17345
17321	17346
17322	17347
17323	17348
17324	17349
17325	17350
17326	17351
17327	17352
17328	17353
17329	17354
17330	17355
17331	17356
17332	17357
17333	17358
17334	17359
17335	17360
17336	17361
17337	17362
17338	17363
17339	17364
17340	17365
17341	17366
17342	17367
17343	17368
17344	17369
17345	17370
17346	17371
17347	17372
17348	17373
17349	17374
17350	17375
17351	17376
17352	17377
17353	17378
17354	17379
17355	17380
17356	17381
17357	17382
17358	17383
17359	deleted
17360	17385
17361	17386
17362	17387
17363	17388
17364	17389
17365	17390
17366	17391
17367	17392
17368	17393
17369	17394
17370	17395
17371	17396
17372	17397
17373	17398
17374	17399
17375	17400
17376	17401
17377	17402
17378	17403
17379	17404
17380	17405
17381	17406
17382	17407
17383	17408
17384	17409
17385	17410
17386	17411
17387	17412
17388	17413
17389	17414
17390	17415
17391	17416
17392	17417
17393	17418
17394	17419
17395	17420
17396	17421
17397	17422
17398	17423
17399	17424
17400	17425
17401	17426
17402	17427
17403	17428
17404	17429
17405	17430
17406	17431
17407	17432
17408	17433
17409	17434
17410	17435
17411	17436
17412	17437
17413	17438
17414	17439
17415	17440
17416	17441
17417	17442
17418	17443
17419	17444
17420	17445
17421	17446
17422	17447
17423	17448
17424	17449
17425	deleted
17426	17451
17427	17452
17428	17453
17429	17454
17430	17455
17431	17456
17432	17457
17433	17458
17434	17459
17435	17460
17436	17461
17437	17462
17438	17463
17439	17464
17440	17465
17441	17466
17442	17467
17443	17468
17444	17469
17445	17470
17446	17471
17447	17472
17448	17473
17449	17474
17450	17475
17451	17476
17452	17477
17453	17478
17454	17479
17455	17480
17456	17481
17457	17482
17458	17483
17459	17484
17460	17485
17461	17486
17462	17487
17463	17488
17464	17489
17465	17490
17466	17491
17467	17492
17468	17493
17469	17494
17470	17495
17471	17496
17472	17497
17473	17498
17474	17499
17475	17500
17476	17501
17477	17502
17478	17503
17479	17504
17480	17505
17481	17506
17482	17507
17483	17508
17484	17509
17485	17510
17486	17511
17487	17512
17488	17513
17489	17514
17490	17515
17491	17516
17492	17517
17493	17518
17494	17519
17495	deleted
17496	17520
17497	17521
17498	17522
17499	17523
17500	17524
17501	17525
17502	17526
17503	17527
17504	17528
17505	17529
17506	17530
17507	17531
17508	17532
17509	17533
17510	17534
17511	17535
17512	17536
17513	17537
17514	17538
17515	17539
17516	17540
17517	17541
17518	17542
17519	17543
17520	17544
17521	17545
17522	17546
17523	17547
17524	17548
17525	17549
17526	17550
17527	17551
17528	17552
17529	17553
17530	17554
17531	17555
17532	17556
17533	17557
17534	17558
17535	17559
17536	17560
17537	17561
17538	17562
17539	17563
17540	17564
17541	17565
17542	17566
17543	17567
17544	17568
17545	17569
17546	17570
17547	17571
17548	17572
17549	17573
17550	17574
17551	17575
17552	17576
17553	17577
17554	17578
17555	17579
17556	17580
17557	17581
17558	17582
17559	17583
17560	17584
17561	17585
17562	17586
17563	17587
17564	17588
17565	17589
17566	17590
17567	17591
17568	17592
17569	17593
17570	17594
17571	17595
17572	17596
17573	17597
17574	17598
17575	17599
17576	17600
17577	17601
17578	17602
17579	17603
17580	17604
17581	17606
17582	17607
17583	17608
17584	17609
17585	17610
17586	17611
17587	17612
17588	17613
17589	17614
17590	17615
17591	17616
17592	17617
17593	17618
17594	17619
17595	17620
17596	17621
17597	17622
17598	17623
17599	17624
17600	17625
17601	17626
17602	17627
17603	17628
17604	17630
17605	17631
17606	17632
17607	17633
17608	17634
17609	17635
17610	17636
17611	17637
17612	17638
17613	17639
17614	17640
17615	17641
17616	17642
17617	17643
17618	17644
17619	17645
17620	17646
17621	17647
17622	17648
17623	17649
17624	17650
17625	17651
17626	17652
17627	17653
17628	17654
17629	17655
17630	17656
17631	17657
17632	17658
17633	17659
17634	17660
17635	17661
17636	17662
17637	17663
17638	17664
17639	17665
17640	17666
17641	17667
17642	17668
17643	17669
17644	17671
17645	17672
17646	17673
17647	17674
17648	17675
17649	17676
17650	17677
17651	17678
17652	17679
17653	17680
17654	17681
17655	17682
17656	17683
17657	17684
17658	17685
17659	17686
17660	17687
17661	17688
17662	17689
17663	17690
17664	17691
17665	17692
17666	17693
17667	17694
17668	17695
17669	17697
17670	17698
17671	17699
17672	17700
17673	17701
17674	17702
17675	17703
17676	17704
17677	17705
17678	17706
17679	17707
17680	17708
17681	17709
17682	17710
17683	17711
17684	17712
17685	17713
17686	17714
17687	17715
17688	17716
17689	17717
17690	17718
17691	17719
17692	17720
17693	17721
17694	17722
17695	17723
17696	17724
17697	17725
17698	17726
17699	17727
17700	17728
17701	17729
17702	17730
17703	17731
17704	17732
17705	17733
17706	17734
17707	17735
17708	17736
17709	17737
17710	17738
17711	17739
17712	17740
17713	17741
17714	17742
17715	17743
17716	17744
17717	17745
17718	17746
17719	17747
17720	17749
17721	17750
17722	17751
17723	17752
17724	deleted
17725	17753
17726	17754
17727	17755
17728	17756
17729	17757
17730	17759
17731	17760
17732	17761
17733	17762
17734	17763
17735	17764
17736	17765
17737	17766
17738	17767
17739	17768
17740	17769
17741	17770
17742	17771
17743	17772
17744	17773
17745	17774
17746	17775
17747	17776
17748	17777
17749	17778
17750	17779
17751	17780
17752	17781
17753	17782
17754	17783
17755	17784
17756	17785
17757	17786
17758	17787
17759	17788
17760	17789
17761	17790
17762	17791
17763	17792
17764	17793
17765	17794
17766	17795
17767	17796
17768	17797
17769	17798
17770	17799
17771	17800
17772	17801
17773	17802
17774	17803
17775	17804
17776	17805
17777	17806
17778	17807
17779	17808
17780	17809
17781	17810
17782	17811
17783	17812
17784	17813
17785	17814
17786	17815
17787	17816
17788	17817
17789	17818
17790	17819
17791	17820
17792	17821
17793	17822
17794	17823
17795	17824
17796	17825
17797	17826
17798	17827
17799	17828
17800	17829
17801	17830
17802	17831
17803	17832
17804	17833
17805	17834
17806	17835
17807	17836
17808	17837
17809	17838
17810	deleted
17811	17839
17812	17840
17813	17841
17814	17842
17815	17843
17816	17844
17817	17845
17818	17846
17819	17847
17820	17848
17821	17849
17822	17850
17823	17851
17824	17852
17825	17853
17826	17854
17827	17855
17828	17856
17829	17857
17830	17858
17831	17859
17832	17860
17833	17861
17834	17862
17835	17863
17836	deleted
17837	17864
17838	17865
17839	17866
17840	17867
17841	17868
17842	17869
17843	17870
17844	17871
17845	17872
17846	17873
17847	17874
17848	17876
17849	17877
17850	17878
17851	17879
17852	17880
17853	17881
17854	17882
17855	17883
17856	deleted
17857	17884
17858	17885
17859	17886
17860	17887
17861	17888
17862	17889
17863	17890
17864	17891
17865	17892
17866	17893
17867	17894
17868	17895
17869	17896
17870	17897
17871	17898
17872	17899
17873	17900
17874	17901
17875	17902
17876	17903
17877	17904
17878	17905
17879	17906
17880	17907
17881	17908
17882	17909
17883	17910
17884	17911
17885	17912
17886	17913
17887	17914
17888	17915
17889	17916
17890	deleted
17891	17917
17892	17918
17893	17919
17894	17920
17895	17921
17896	17922
17897	17923
17898	17924
17899	17925
17900	17926
17901	17927
17902	17928
17903	17929
17904	17930
17905	17931
17906	17932
17907	17933
17908	17934
17909	17935
17910	17936
17911	17937
17912	17938
17913	17939
17914	17940
17915	17941
17916	17942
17917	17943
17918	17944
17919	17945
17920	17946
17921	17947
17922	17948
17923	17949
17924	17950
17925	17951
17926	17952
17927	17953
17928	17954
17929	17955
17930	17956
17931	17957
17932	17958
17933	17959
17934	17960
17935	17961
17936	17962
17937	17963
17938	17964
17939	17965
17940	17966
17941	17967
17942	17968
17943	17969
17944	17970
17945	17971
17946	17972
17947	17973
17948	17974
17949	17975
17950	17976
17951	17977
17952	17978
17953	17979
17954	17980
17955	17981
17956	17982
17957	17983
17958	17984
17959	17985
17960	17986
17961	17987
17962	17988
17963	17989
17964	17990
17965	17991
17966	17992
17967	17993
17968	17994
17969	17995
17970	17996
17971	17997
17972	17998
17973	deleted
17974	17999
17975	18000
17976	18001
17977	18002
17978	18003
17979	18004
17980	18005
17981	18006
17982	18007
17983	18008
17984	18009
17985	18010
17986	18011
17987	18012
17988	18013
17989	18014
17990	18015
17991	18016
17992	18017
17993	18019
17994	18020
17995	18021
17996	18022
17997	deleted
17998	18024
17999	18025
18000	18026
18001	18027
18002	18028
18003	18029
18004	18030
18005	18031
18006	18032
18007	18033
18008	18034
18009	18035
18010	18036
18011	18037
18012	18038
18013	18039
18014	18040
18015	18041
18016	18042
18017	18043
18018	18044
18019	18045
18020	18046
18021	18047
18022	18048
18023	18049
18024	18050
18025	18051
18026	18052
18027	18053
18028	18054
18029	18055
18030	18056
18031	18057
18032	18058
18033	18059
18034	18060
18035	18061
18036	18062
18037	18063
18038	18064
18039	18065
18040	18066
18041	18067
18042	18068
18043	18069
18044	18070
18045	18071
18046	18072
18047	18073
18048	18074
18049	18075
18050	18076
18051	18077
18052	18078
18053	18079
18054	18080
18055	18081
18056	18082
18057	18083
18058	18084
18059	deleted
18060	18085
18061	18086
18062	18087
18063	18088
18064	18089
18065	18090
18066	18091
18067	18092
18068	18093
18069	18094
18070	18095
18071	18096
18072	18097
18073	18098
18074	18099
18075	18100
18076	18101
18077	18102
18078	18103
18079	18104
18080	18105
18081	18106
18082	18107
18083	18108
18084	18109
18085	18110
18086	18111
18087	18112
18088	18113
18089	18114
18090	18115
18091	18116
18092	18117
18093	18118
18094	18119
18095	18120
18096	18121
18097	18122
18098	18123
18099	18124
18100	18125
18101	18126
18102	18127
18103	18128
18104	18129
18105	18130
18106	18131
18107	18132
18108	18133
18109	18134
18110	18135
18111	18136
18112	18137
18113	18138
18114	18139
18115	18140
18116	18141
18117	18142
18118	18143
18119	18144
18120	18145
18121	18146
18122	18147
18123	18148
18124	18149
18125	18150
18126	18151
18127	18152
18128	18153
18129	18154
18130	18155
18131	18156
18132	18157
18133	18158
18134	18159
18135	18160
18136	18161
18137	18162
18138	18163
18139	18164
18140	18165
18141	18166
18142	18167
18143	18168
18144	18169
18145	18170
18146	18171
18147	deleted
18148	18172
18149	18173
18150	18174
18151	18175
18152	18176
18153	18177
18154	18178
18155	18179
18156	18180
18157	18181
18158	18182
18159	18183
18160	18184
18161	18185
18162	18186
18163	18187
18164	18188
18165	18189
18166	18190
18167	18191
18168	18192
18169	18193
18170	18194
18171	18195
18172	18196
18173	18197
18174	18198
18175	deleted
18176	18200
18177	18201
18178	18202
18179	18203
18180	18204
18181	18205
18182	18206
18183	18207
18184	18208
18185	18209
18186	18210
18187	18211
18188	18212
18189	18213
18190	18214
18191	18215
18192	18216
18193	deleted
18194	18218
18195	18219
18196	18220
18197	18221
18198	18222
18199	18223
18200	18224
18201	18225
18202	18226
18203	18227
18204	18228
18205	18229
18206	18230
18207	18231
18208	18232
18209	18233
18210	18234
18211	18235
18212	18236
18213	18237
18214	18238
18215	18239
18216	18240
18217	18241
18218	18242
18219	18243
18220	18244
18221	18245
18222	18246
18223	18247
18224	18248
18225	18249
18226	18250
18227	deleted
18228	18252
18229	18253
18230	18254
18231	18255
18232	18256
18233	18257
18234	18258
18235	18259
18236	18260
18237	18261
18238	18262
18239	18263
18240	18264
18241	18265
18242	18266
18243	18267
18244	18268
18245	18269
18246	18270
18247	18271
18248	18273
18249	18274
18250	18275
18251	18276
18252	18277
18253	18278
18254	18279
18255	18280
18256	18281
18257	18282
18258	18283
18259	18284
18260	18285
18261	18286
18262	18287
18263	18288
18264	18289
18265	18290
18266	18291
18267	18292
18268	18293
18269	18294
18270	18295
18271	18296
18272	18297
18273	18298
18274	18299
18275	18300
18276	18301
18277	18302
18278	18303
18279	18304
18280	18305
18281	18306
18282	18307
18283	18308
18284	18309
18285	18310
18286	18311
18287	18312
18288	18313
18289	18314
18290	18315
18291	18316
18292	18317
18293	18318
18294	18319
18295	18320
18296	18321
18297	18322
18298	18323
18299	18324
18300	18325
18301	18326
18302	18327
18303	18328
18304	18329
18305	18330
18306	18331
18307	18332
18308	18333
18309	18334
18310	18335
18311	18336
18312	deleted
18313	18337
18314	18338
18315	18339
18316	18340
18317	18341
18318	18342
18319	18343
18320	18344
18321	18345
18322	18346
18323	18347
18324	18348
18325	18349
18326	18350
18327	18351
18328	18352
18329	18353
18330	18354
18331	18355
18332	18356
18333	18357
18334	18358
18335	18359
18336	18360
18337	18361
18338	18362
18339	18363
18340	deleted
18341	18364
18342	18365
18343	18366
18344	18367
18345	18368
18346	18369
18347	18370
18348	18371
18349	18372
18350	18373
18351	18374
18352	18375
18353	deleted
18354	18376
18355	18377
18356	18378
18357	18379
18358	18380
18359	18381
18360	18382
18361	18383
18362	18384
18363	18385
18364	18386
18365	18387
18366	18388
18367	18389
18368	18390
18369	18391
18370	deleted
18371	18393
18372	18394
18373	18395
18374	18396
18375	18397
18376	18398
18377	18399
18378	18400
18379	18401
18380	18402
18381	18403
18382	18404
18383	18405
18384	18406
18385	18407
18386	18408
18387	18409
18388	18410
18389	18411
18390	18412
18391	18413
18392	18414
18393	18415
18394	18416
18395	18417
18396	18418
18397	18419
18398	deleted
18399	18421
18400	18422
18401	18423
18402	18424
18403	18425
18404	18426
18405	18427
18406	18428
18407	18429
18408	18430
18409	18431
18410	18432
18411	18433
18412	18434
18413	18435
18414	18436
18415	18437
18416	18438
18417	18439
18418	18440
18419	18441
18420	18442
18421	18443
18422	18444
18423	18445
18424	18446
18425	18447
18426	18449
18427	18450
18428	18451
18429	18452
18430	18453
18431	18454
18432	18455
18433	18456
18434	18457
18435	18458
18436	18459
18437	18460
18438	18461
18439	18462
18440	18463
18441	18464
18442	18465
18443	18466
18444	18467
18445	18468
18446	18469
18447	18470
18448	18471
18449	18472
18450	18473
18451	18474
18452	18475
18453	18476
18454	18477
18455	18479
18456	18480
18457	18481
18458	18482
18459	18483
18460	18484
18461	18485
18462	18486
18463	18487
18464	18488
18465	18489
18466	18490
18467	18491
18468	18492
18469	18493
18470	18494
18471	18495
18472	18496
18473	deleted
18474	18498
18475	18499
18476	18500
18477	18501
18478	18502
18479	18503
18480	18504
18481	18505
18482	18506
18483	18507
18484	18508
18485	18509
18486	18510
18487	18511
18488	18512
18489	18513
18490	deleted
18491	18515
18492	deleted
18493	18516
18494	18517
18495	18518
18496	18519
18497	18520
18498	18521
18499	18522
18500	18523
18501	18524
18502	18525
18503	18526
18504	18527
18505	18528
18506	18529
18507	18530
18508	18531
18509	18532
18510	18533
18511	18534
18512	18535
18513	18536
18514	18537
18515	18539
18516	18540
18517	18541
18518	18542
18519	18543
18520	18544
18521	18545
18522	18546
18523	18547
18524	18548
18525	18549
18526	18550
18527	18551
18528	18552
18529	18553
18530	18554
18531	18555
18532	18556
18533	18557
18534	18558
18535	18559
18536	18560
18537	18561
18538	18562
18539	18563
18540	18564
18541	18565
18542	18566
18543	18567
18544	18568
18545	18569
18546	18570
18547	18571
18548	18572
18549	18573
18550	18574
18551	18575
18552	18576
18553	18577
18554	18578
18555	18579
18556	18580
18557	18581
18558	18582
18559	18583
18560	18584
18561	18585
18562	18586
18563	18587
18564	18588
18565	18589
18566	18590
18567	18591
18568	18592
18569	18594
18570	18595
18571	18596
18572	18597
18573	18598
18574	18599
18575	18600
18576	18601
18577	18602
18578	18603
18579	18604
18580	18605
18581	18606
18582	18607
18583	18608
18584	18609
18585	18610
18586	18611
18587	18612
18588	18613
18589	18614
18590	18615
18591	18616
18592	18617
18593	18618
18594	18619
18595	18620
18596	18621
18597	18622
18598	18623
18599	18624
18600	18625
18601	18626
18602	18627
18603	18628
18604	18629
18605	18630
18606	18631
18607	18632
18608	18633
18609	18634
18610	18635
18611	18636
18612	18637
18613	18638
18614	18639
18615	18640
18616	18641
18617	18642
18618	18643
18619	18644
18620	18645
18621	18646
18622	18647
18623	18648
18624	18649
18625	18650
18626	18651
18627	18652
18628	18653
18629	18654
18630	18655
18631	18656
18632	18657
18633	18658
18634	18659
18635	18660
18636	18661
18637	18662
18638	18663
18639	18664
18640	18665
18641	18666
18642	deleted
18643	18668
18644	18669
18645	18670
18646	18671
18647	18672
18648	18673
18649	18674
18650	18675
18651	18676
18652	18677
18653	18678
18654	18679
18655	18680
18656	18681
18657	18682
18658	18683
18659	18684
18660	18685
18661	18686
18662	18687
18663	18688
18664	18689
18665	18690
18666	18691
18667	18692
18668	18693
18669	18694
18670	18695
18671	18696
18672	18697
18673	18698
18674	18699
18675	18700
18676	18701
18677	18702
18678	18703
18679	18704
18680	18705
18681	18706
18682	18707
18683	18708
18684	18709
18685	18710
18686	18711
18687	18712
18688	18713
18689	18714
18690	18715
18691	18716
18692	18717
18693	18718
18694	18719
18695	18720
18696	18721
18697	18722
18698	18723
18699	18724
18700	18725
18701	18726
18702	18727
18703	18728
18704	18729
18705	18730
18706	18731
18707	18732
18708	18733
18709	18734
18710	18735
18711	18736
18712	18737
18713	18738
18714	18739
18715	18740
18716	18741
18717	18742
18718	18743
18719	18744
18720	18746
18721	18747
18722	18748
18723	18749
18724	18750
18725	18752
18726	18754
18727	18755
18728	18756
18729	18757
18730	18758
18731	18759
18732	18760
18733	18761
18734	18762
18735	18763
18736	18764
18737	18765
18738	18766
18739	18767
18740	18768
18741	18769
18742	18770
18743	18771
18744	18772
18745	18773
18746	18774
18747	18775
18748	18776
18749	18777
18750	18778
18751	18779
18752	18780
18753	18781
18754	18782
18755	18783
18756	18784
18757	18785
18758	18786
18759	18787
18760	18788
18761	18789
18762	18790
18763	18791
18764	18792
18765	18793
18766	18794
18767	18795
18768	18796
18769	18797
18770	18798
18771	18799
18772	18800
18773	18801
18774	18802
18775	18803
18776	18804
18777	18805
18778	18806
18779	18807
18780	18808
18781	18809
18782	18810
18783	18811
18784	18812
18785	18813
18786	18814
18787	18815
18788	18816
18789	18817
18790	18818
18791	18819
18792	18820
18793	18821
18794	18822
18795	18823
18796	18824
18797	18825
18798	18826
18799	18827
18800	18828
18801	18829
18802	18830
18803	18831
18804	18832
18805	18833
18806	18834
18807	18835
18808	18836
18809	18837
18810	18838
18811	18839
18812	18840
18813	18841
18814	18842
18815	18843
18816	18844
18817	18845
18818	18846
18819	18847
18820	18848
18821	18849
18822	18850
18823	18851
18824	18852
18825	18853
18826	18854
18827	18855
18828	18856
18829	18857
18830	18858
18831	18859
18832	18860
18833	18861
18834	18862
18835	18863
18836	18864
18837	18865
18838	18866
18839	18867
18840	18868
18841	18869
18842	18870
18843	18871
18844	18872
18845	18873
18846	18874
18847	18875
18848	18876
18849	18877
18850	18878
18851	18879
18852	18880
18853	18881
18854	18882
18855	18883
18856	18884
18857	18885
18858	18886
18859	18887
18860	18888
18861	18889
18862	18890
18863	18891
18864	18892
18865	18893
18866	18894
18867	18895
18868	18896
18869	18897
18870	18899
18871	18900
18872	18901
18873	18903
18874	18904
18875	18905
18876	18906
18877	18907
18878	18909
18879	18910
18880	18911
18881	18912
18882	18913
18883	18914
18884	18915
18885	18916
18886	18917
18887	18918
18888	18919
18889	18920
18890	18921
18891	deleted
18892	18922
18893	18923
18894	18924
18895	18925
18896	18926
18897	18927
18898	18928
18899	18929
18900	18930
18901	18931
18902	18932
18903	18933
18904	18934
18905	18935
18906	18936
18907	18937
18908	18938
18909	18939
18910	18940
18911	18941
18912	18942
18913	18943
18914	18944
18915	18945
18916	18946
18917	18947
18918	18948
18919	18949
18920	18950
18921	18951
18922	18952
18923	18953
18924	18954
18925	18955
18926	18956
18927	18957
18928	18958
18929	18959
18930	18960
18931	18961
18932	18962
18933	18963
18934	18964
18935	18965
18936	18966
18937	18967
18938	18968
18939	18970
18940	18971
18941	18972
18942	18973
18943	18974
18944	18975
18945	18976
18946	18977
18947	18978
18948	18979
18949	18980
18950	18981
18951	18982
18952	18983
18953	18984
18954	18985
18955	18986
18956	18987
18957	18988
18958	18989
18959	18990
18960	18991
18961	18992
18962	18993
18963	18994
18964	18995
18965	18996
18966	18997
18967	18998
18968	18999
18969	19000
18970	19001
18971	19002
18972	19003
18973	19004
18974	19005
18975	19006
18976	19007
18977	19008
18978	19009
18979	19010
18980	19011
18981	19012
18982	19013
18983	19014
18984	19015
18985	19016
18986	19017
18987	19018
18988	19019
18989	19020
18990	deleted
18991	19022
18992	19023
18993	19024
18994	19025
18995	19026
18996	19027
18997	19028
18998	19029
18999	19030
19000	19031
19001	19032
19002	deleted
19003	19034
19004	19035
19005	19036
19006	19037
19007	19038
19008	19039
19009	19040
19010	19041
19011	19042
19012	19043
19013	19044
19014	19045
19015	19046
19016	19047
19017	deleted
19018	19048
19019	19049
19020	19050
19021	19051
19022	19052
19023	19053
19024	19054
19025	19055
19026	19056
19027	19057
19028	deleted
19029	19058
19030	19059
19031	19060
19032	19061
19033	19062
19034	19063
19035	19064
19036	19065
19037	19066
19038	19067
19039	19068
19040	19069
19041	19070
19042	19071
19043	19072
19044	19073
19045	19074
19046	19075
19047	19076
19048	19077
19049	19079
19050	19080
19051	19081
19052	19082
19053	19083
19054	19084
19055	19085
19056	19086
19057	19087
19058	19088
19059	19089
19060	19090
19061	19091
19062	19092
19063	19093
19064	19094
19065	19095
19066	19096
19067	19097
19068	19098
19069	19099
19070	19100
19071	19101
19072	19102
19073	19103
19074	19104
19075	19105
19076	19106
19077	19107
19078	19108
19079	19109
19080	19110
19081	19111
19082	19112
19083	19113
19084	19114
19085	19115
19086	19116
19087	19117
19088	19118
19089	19119
19090	19120
19091	deleted
19092	19122
19093	19123
19094	19124
19095	19125
19096	19126
19097	19127
19098	19128
19099	19129
19100	19130
19101	19131
19102	19132
19103	19133
19104	19134
19105	19135
19106	19136
19107	19137
19108	19138
19109	19139
19110	19140
19111	19141
19112	19142
19113	19143
19114	19144
19115	19145
19116	19146
19117	19147
19118	19148
19119	19149
19120	19150
19121	19151
19122	19152
19123	19153
19124	deleted
19125	19154
19126	19155
19127	19156
19128	19157
19129	19158
19130	19159
19131	19160
19132	19161
19133	19162
19134	19163
19135	19164
19136	19165
19137	19166
19138	19167
19139	19168
19140	19169
19141	19170
19142	19171
19143	19172
19144	19174
19145	19175
19146	19176
19147	19177
19148	19178
19149	19179
19150	19180
19151	19181
19152	19183
19153	19184
19154	19185
19155	19186
19156	19187
19157	19188
19158	19190
19159	19191
19160	19192
19161	19193
19162	19194
19163	19195
19164	19196
19165	19197
19166	19198
19167	19199
19168	19200
19169	19201
19170	19202
19171	19203
19172	19204
19173	19205
19174	19206
19175	19207
19176	19208
19177	19209
19178	19210
19179	19211
19180	19212
19181	19213
19182	19214
19183	19215
19184	19216
19185	19217
19186	19218
19187	19220
19188	19221
19189	19222
19190	19223
19191	19224
19192	19225
19193	19226
19194	19227
19195	19228
19196	19229
19197	19230
19198	19231
19199	19232
19200	19233
19201	19234
19202	19235
19203	19236
19204	19238
19205	19239
19206	19240
19207	19241
19208	19242
19209	19243
19210	19244
19211	19245
19212	19246
19213	19247
19214	19248
19215	19249
19216	19250
19217	19251
19218	19252
19219	19253
19220	19254
19221	19255
19222	19256
19223	19257
19224	19258
19225	19259
19226	19260
19227	19261
19228	19262
19229	19263
19230	19264
19231	19265
19232	19266
19233	19267
19234	19268
19235	19270
19236	19271
19237	19272
19238	19273
19239	19274
19240	19275
19241	19276
19242	19277
19243	19278
19244	19279
19245	19280
19246	19281
19247	19282
19248	19283
19249	19284
19250	19285
19251	19286
19252	19287
19253	19288
19254	19289
19255	19290
19256	19291
19257	19292
19258	19293
19259	19294
19260	19295
19261	19296
19262	19297
19263	19298
19264	19299
19265	19300
19266	19301
19267	19302
19268	19303
19269	deleted
19270	19304
19271	19305
19272	19306
19273	19307
19274	19308
19275	19309
19276	19310
19277	19311
19278	19312
19279	deleted
19280	19313
19281	19314
19282	19315
19283	19316
19284	19317
19285	19318
19286	19319
19287	19320
19288	19321
19289	19322
19290	19323
19291	19324
19292	19325
19293	19326
19294	19327
19295	19328
19296	19329
19297	19330
19298	19331
19299	19332
19300	19333
19301	19334
19302	19335
19303	19336
19304	19337
19305	19338
19306	19339
19307	19340
19308	19341
19309	19342
19310	19343
19311	19344
19312	19345
19313	19346
19314	19347
19315	19348
19316	19349
19317	19350
19318	19351
19319	19352
19320	19353
19321	19354
19322	19355
19323	19356
19324	19357
19325	19358
19326	19359
19327	19360
19328	19361
19329	19362
19330	19363
19331	19364
19332	19365
19333	19366
19334	19367
19335	19368
19336	19369
19337	19370
19338	19371
19339	19372
19340	19373
19341	19374
19342	19375
19343	19376
19344	19377
19345	19378
19346	19379
19347	19380
19348	19381
19349	19382
19350	19383
19351	19384
19352	19385
19353	19386
19354	19387
19355	19388
19356	19389
19357	19390
19358	19391
19359	19392
19360	19393
19361	19394
19362	19395
19363	19396
19364	19397
19365	19398
19366	19399
19367	deleted
19368	19400
19369	19401
19370	19402
19371	19403
19372	19404
19373	19405
19374	19407
19375	19408
19376	19409
19377	19410
19378	19411
19379	19412
19380	19413
19381	19414
19382	19415
19383	19416
19384	19417
19385	19418
19386	19419
19387	19420
19388	19421
19389	19422
19390	19423
19391	19424
19392	19425
19393	19426
19394	19427
19395	19428
19396	19429
19397	19430
19398	19431
19399	19432
19400	19433
19401	19434
19402	19435
19403	19436
19404	19437
19405	deleted
19406	19438
19407	19439
19408	19440
19409	19441
19410	19442
19411	19443
19412	19444
19413	19445
19414	19446
19415	19447
19416	19448
19417	19449
19418	19450
19419	19451
19420	19452
19421	19453
19422	19454
19423	19455
19424	19456
19425	19457
19426	19458
19427	19459
19428	19460
19429	19461
19430	19462
19431	19463
19432	19464
19433	19465
19434	19466
19435	19467
19436	19468
19437	19469
19438	19470
19439	19471
19440	19472
19441	19473
19442	19474
19443	19475
19444	19476
19445	19477
19446	19478
19447	19479
19448	19480
19449	19481
19450	19482
19451	19483
19452	19484
19453	19485
19454	19486
19455	19487
19456	19488
19457	19489
19458	19490
19459	19491
19460	19492
19461	19493
19462	19494
19463	19495
19464	19496
19465	19497
19466	19498
19467	19499
19468	19500
19469	19501
19470	19502
19471	19503
19472	19504
19473	19505
19474	19506
19475	19507
19476	19508
19477	19509
19478	19510
19479	19511
19480	19512
19481	19513
19482	19514
19483	19515
19484	19517
19485	19518
19486	19519
19487	19520
19488	19521
19489	19522
19490	19523
19491	19524
19492	19525
19493	19526
19494	19527
19495	19528
19496	deleted
19497	19530
19498	19531
19499	19532
19500	19533
19501	19534
19502	19535
19503	19536
19504	19537
19505	19538
19506	19539
19507	19540
19508	19541
19509	19542
19510	19543
19511	19544
19512	19545
19513	19546
19514	19547
19515	19548
19516	19549
19517	19550
19518	19551
19519	19552
19520	19553
19521	19554
19522	19555
19523	19556
19524	19557
19525	19558
19526	19559
19527	19560
19528	19561
19529	19562
19530	19563
19531	19564
19532	19565
19533	19566
19534	19567
19535	19568
19536	19569
19537	19570
19538	19571
19539	19572
19540	19573
19541	19574
19542	19575
19543	19576
19544	19577
19545	19578
19546	19579
19547	19580
19548	19581
19549	deleted
19550	19583
19551	19584
19552	19585
19553	19586
19554	19587
19555	19588
19556	19589
19557	19590
19558	19591
19559	19592
19560	19593
19561	19594
19562	19595
19563	19596
19564	19597
19565	19598
19566	19599
19567	19600
19568	19601
19569	19602
19570	19603
19571	19604
19572	19605
19573	19606
19574	19607
19575	19608
19576	19609
19577	19610
19578	19611
19579	19612
19580	19613
19581	19614
19582	19615
19583	19616
19584	19617
19585	19618
19586	19619
19587	19620
19588	19621
19589	19622
19590	19623
19591	19624
19592	19625
19593	19626
19594	19627
19595	19628
19596	19629
19597	19630
19598	19631
19599	19632
19600	19633
19601	19634
19602	19635
19603	19636
19604	19637
19605	19638
19606	19639
19607	19640
19608	19642
19609	19643
19610	19644
19611	19645
19612	19646
19613	19647
19614	19648
19615	19649
19616	19650
19617	19651
19618	19652
19619	19653
19620	19654
19621	19655
19622	19656
19623	19657
19624	19658
19625	19659
19626	19660
19627	19661
19628	19662
19629	19663
19630	19664
19631	19665
19632	19666
19633	19667
19634	19668
19635	19669
19636	19670
19637	19671
19638	19672
19639	19673
19640	19674
19641	19675
19642	19676
19643	19677
19644	19678
19645	19679
19646	19680
19647	19681
19648	19682
19649	19683
19650	19684
19651	19685
19652	19686
19653	19687
19654	19688
19655	19689
19656	19690
19657	19691
19658	19692
19659	19693
19660	19694
19661	19695
19662	19696
19663	19697
19664	19698
19665	19699
19666	19700
19667	19701
19668	19702
19669	19703
19670	19704
19671	19705
19672	19706
19673	19707
19674	19708
19675	19709
19676	19710
19677	19711
19678	19712
19679	19713
19680	19714
19681	19715
19682	19716
19683	19717
19684	19718
19685	19719
19686	19720
19687	19721
19688	19722
19689	19723
19690	19724
19691	19725
19692	19726
19693	19727
19694	19729
19695	19730
19696	19731
19697	19732
19698	19733
19699	19734
19700	19735
19701	19736
19702	19737
19703	19738
19704	19739
19705	19740
19706	deleted
19707	19742
19708	19743
19709	19744
19710	19745
19711	19746
19712	19747
19713	19748
19714	19749
19715	19750
19716	19751
19717	19752
19718	19753
19719	19754
19720	19755
19721	19756
19722	19757
19723	19758
19724	19759
19725	19760
19726	19761
19727	19763
19728	19764
19729	19765
19730	19766
19731	19767
19732	19768
19733	19769
19734	19770
19735	19771
19736	19772
19737	19773
19738	19774
19739	19775
19740	19776
19741	19777
19742	19778
19743	19779
19744	19780
19745	19781
19746	19782
19747	19783
19748	19784
19749	19785
19750	19786
19751	19787
19752	19788
19753	19789
19754	19790
19755	19791
19756	19792
19757	19793
19758	19794
19759	19795
19760	19796
19761	19797
19762	19798
19763	19799
19764	19800
19765	19801
19766	19802
19767	19803
19768	19804
19769	deleted
19770	19805
19771	19806
19772	19807
19773	19808
19774	19809
19775	19810
19776	19811
19777	19812
19778	19814
19779	19815
19780	19816
19781	19817
19782	19818
19783	19819
19784	19820
19785	19821
19786	19822
19787	19823
19788	19824
19789	19825
19790	19826
19791	19827
19792	19828
19793	19829
19794	19830
19795	19831
19796	19832
19797	19833
19798	19834
19799	19835
19800	19836
19801	19837
19802	19838
19803	19839
19804	deleted
19805	19840
19806	19841
19807	19842
19808	19843
19809	19844
19810	19845
19811	19846
19812	19847
19813	19848
19814	19849
19815	19850
19816	19851
19817	19852
19818	19853
19819	19854
19820	deleted
19821	19856
19822	19857
19823	19858
19824	19859
19825	19860
19826	19861
19827	19862
19828	19863
19829	19864
19830	19865
19831	19866
19832	19867
19833	19868
19834	19869
19835	19870
19836	19871
19837	19872
19838	19873
19839	19874
19840	19875
19841	19876
19842	19877
19843	19878
19844	19879
19845	19880
19846	19881
19847	19882
19848	19883
19849	19884
19850	19885
19851	19886
19852	19887
19853	19888
19854	19889
19855	deleted
19856	19890
19857	19891
19858	19892
19859	19893
19860	19894
19861	19895
19862	19896
19863	19897
19864	19898
19865	19899
19866	19900
19867	19901
19868	19902
19869	19903
19870	19904
19871	19905
19872	19906
19873	19907
19874	19908
19875	19909
19876	19910
19877	19911
19878	19912
19879	19913
19880	19914
19881	19915
19882	19916
19883	19917
19884	19918
19885	19919
19886	19920
19887	19921
19888	19922
19889	19923
19890	19924
19891	19925
19892	19926
19893	19927
19894	19928
19895	19929
19896	deleted
19897	19930
19898	19931
19899	19932
19900	19933
19901	19934
19902	19935
19903	19936
19904	19937
19905	19938
19906	19939
19907	19940
19908	19941
19909	19942
19910	19943
19911	19944
19912	19945
19913	19946
19914	19947
19915	19948
19916	19949
19917	19950
19918	19951
19919	19952
19920	19953
19921	19954
19922	19955
19923	19956
19924	19957
19925	19958
19926	19959
19927	19960
19928	19961
19929	19962
19930	19963
19931	19964
19932	19965
19933	19966
19934	19967
19935	19968
19936	19969
19937	19970
19938	19971
19939	19972
19940	19973
19941	19974
19942	19975
19943	19976
19944	19977
19945	19978
19946	19979
19947	19980
19948	19981
19949	19982
19950	19983
19951	19984
19952	19985
19953	19986
19954	19987
19955	19988
19956	19989
19957	19990
19958	19991
19959	19992
19960	19993
19961	19994
19962	19995
19963	19996
19964	19997
19965	19998
19966	19999
19967	20000
19968	20001
19969	20002
19970	20003
19971	20004
19972	20005
19973	20006
19974	20007
19975	20008
19976	20009
19977	20010
19978	20011
19979	20012
19980	20013
19981	20014
19982	20015
19983	20016
19984	20017
19985	20018
19986	20019
19987	deleted
19988	20020
19989	20021
19990	20022
19991	20023
19992	20024
19993	20025
19994	20026
19995	20027
19996	20028
19997	20029
19998	20030
19999	20031
20000	20032
20001	20033
20002	20034
20003	20035
20004	20036
20005	20037
20006	20038
20007	20039
20008	20040
20009	20041
20010	20042
20011	20043
20012	20044
20013	20045
20014	20046
20015	20047
20016	20048
20017	20049
20018	20050
20019	20051
20020	20052
20021	20053
20022	20054
20023	20055
20024	20056
20025	20057
20026	20058
20027	20059
20028	20060
20029	20061
20030	20062
20031	20063
20032	20064
20033	20065
20034	20066
20035	20067
20036	20068
20037	20069
20038	20070
20039	20071
20040	20072
20041	20073
20042	20074
20043	20075
20044	20076
20045	20077
20046	20078
20047	20079
20048	20080
20049	20081
20050	20082
20051	20083
20052	20084
20053	20085
20054	20086
20055	20087
20056	20088
20057	20089
20058	20090
20059	20091
20060	20092
20061	20093
20062	20094
20063	20095
20064	20096
20065	20097
20066	20098
20067	20099
20068	20100
20069	20101
20070	20102
20071	20103
20072	20104
20073	20105
20074	20106
20075	20107
20076	20108
20077	20109
20078	20110
20079	20111
20080	20112
20081	20113
20082	20114
20083	20115
20084	20116
20085	20117
20086	20118
20087	20119
20088	20120
20089	20121
20090	20122
20091	20123
20092	20124
20093	20125
20094	20126
20095	20127
20096	20128
20097	20129
20098	20130
20099	20131
20100	20132
20101	20133
20102	20134
20103	20135
20104	20136
20105	20137
20106	20138
20107	20139
20108	20140
20109	20141
20110	20142
20111	20143
20112	20144
20113	20145
20114	20146
20115	20147
20116	deleted
20117	20148
20118	20149
20119	20151
20120	20152
20121	20153
20122	20154
20123	20155
20124	20156
20125	20157
20126	20158
20127	20159
20128	20160
20129	20161
20130	20162
20131	20163
20132	20164
20133	20165
20134	20166
20135	20167
20136	20168
20137	20169
20138	20170
20139	20171
20140	20172
20141	20173
20142	20174
20143	20175
20144	20176
20145	20177
20146	20178
20147	20179
20148	20180
20149	20181
20150	20182
20151	20183
20152	deleted
20153	20185
20154	20186
20155	20187
20156	20188
20157	20189
20158	20190
20159	20191
20160	20192
20161	20193
20162	20194
20163	20195
20164	20196
20165	20197
20166	20198
20167	20199
20168	20200
20169	20201
20170	20202
20171	deleted
20172	20203
20173	20204
20174	20205
20175	20206
20176	20207
20177	20208
20178	20209
20179	20210
20180	20211
20181	20212
20182	20213
20183	20215
20184	20216
20185	20217
20186	20218
20187	20219
20188	20220
20189	20221
20190	20222
20191	20223
20192	20224
20193	20225
20194	20226
20195	20227
20196	20228
20197	20229
20198	20230
20199	20231
20200	20232
20201	20233
20202	20234
20203	20235
20204	20236
20205	20237
20206	20238
20207	20239
20208	20240
20209	20241
20210	20242
20211	20243
20212	20244
20213	20245
20214	20246
20215	20247
20216	20248
20217	20249
20218	20250
20219	20251
20220	20252
20221	20253
20222	20254
20223	20255
20224	20256
20225	20257
20226	20258
20227	20259
20228	20260
20229	20261
20230	20262
20231	20263
20232	20264
20233	20265
20234	20266
20235	20267
20236	20269
20237	20270
20238	20271
20239	20272
20240	20273
20241	20274
20242	20275
20243	20276
20244	20277
20245	20278
20246	20279
20247	20280
20248	20281
20249	20282
20250	20283
20251	20284
20252	20285
20253	20286
20254	20287
20255	20288
20256	20289
20257	20290
20258	20291
20259	20292
20260	20293
20261	20294
20262	20295
20263	20296
20264	20297
20265	20298
20266	20299
20267	20300
20268	20301
20269	20302
20270	20303
20271	20304
20272	20305
20273	20306
20274	20307
20275	20308
20276	20309
20277	20310
20278	20311
20279	20312
20280	20313
20281	20314
20282	20315
20283	20316
20284	20317
20285	20318
20286	20319
20287	20320
20288	20321
20289	20322
20290	20323
20291	20324
20292	20325
20293	20326
20294	20327
20295	20328
20296	20329
20297	20330
20298	20331
20299	20332
20300	20333
20301	20334
20302	20335
20303	20336
20304	20337
20305	20338
20306	20339
20307	20340
20308	20341
20309	20342
20310	20343
20311	20344
20312	20345
20313	20346
20314	20347
20315	20348
20316	20349
20317	20350
20318	20351
20319	20352
20320	20353
20321	20354
20322	20355
20323	20356
20324	20357
20325	20358
20326	20359
20327	20360
20328	20361
20329	20362
20330	20363
20331	20364
20332	20365
20333	20366
20334	20367
20335	20368
20336	20369
20337	20370
20338	20371
20339	20373
20340	20374
20341	20375
20342	20376
20343	20377
20344	20378
20345	20379
20346	20380
20347	20381
20348	20382
20349	20383
20350	20384
20351	20385
20352	20386
20353	20387
20354	20388
20355	20389
20356	20390
20357	20392
20358	20393
20359	20394
20360	20395
20361	20396
20362	20397
20363	20399
20364	20400
20365	20401
20366	20402
20367	20403
20368	20404
20369	20405
20370	20406
20371	20407
20372	20408
20373	20409
20374	20410
20375	20411
20376	20412
20377	20413
20378	20414
20379	20415
20380	20416
20381	20417
20382	20418
20383	20419
20384	20420
20385	20421
20386	20422
20387	20423
20388	20424
20389	20425
20390	20426
20391	20427
20392	20428
20393	20429
20394	20430
20395	20431
20396	20432
20397	20433
20398	20434
20399	20435
20400	20436
20401	20437
20402	20438
20403	20439
20404	20440
20405	20441
20406	20442
20407	20443
20408	20444
20409	20445
20410	20446
20411	20448
20412	20449
20413	20450
20414	20451
20415	20452
20416	20453
20417	20454
20418	20455
20419	20456
20420	20457
20421	20458
20422	20459
20423	20460
20424	20461
20425	20462
20426	20463
20427	20464
20428	20465
20429	20466
20430	20467
20431	20468
20432	20469
20433	20470
20434	20471
20435	20472
20436	20473
20437	20474
20438	20475
20439	20476
20440	20477
20441	20478
20442	20479
20443	20480
20444	20481
20445	20482
20446	20483
20447	20484
20448	20485
20449	20486
20450	20487
20451	20488
20452	20489
20453	20490
20454	20491
20455	20492
20456	20493
20457	20494
20458	20495
20459	20496
20460	20497
20461	20498
20462	20499
20463	20500
20464	20501
20465	20502
20466	20503
20467	20504
20468	20505
20469	20506
20470	20507
20471	20508
20472	20509
20473	20510
20474	20511
20475	20512
20476	20513
20477	20514
20478	20515
20479	20516
20480	20517
20481	20519
20482	20520
20483	20521
20484	20522
20485	20523
20486	20524
20487	20525
20488	deleted
20489	20527
20490	20528
20491	20529
20492	20530
20493	20531
20494	20532
20495	20533
20496	20534
20497	20535
20498	20536
20499	20537
20500	20538
20501	20539
20502	20540
20503	20541
20504	20542
20505	20543
20506	20544
20507	20545
20508	20546
20509	20547
20510	20548
20511	20549
20512	20550
20513	20551
20514	20552
20515	20553
20516	20554
20517	20555
20518	20556
20519	20557
20520	20558
20521	20559
20522	deleted
20523	20561
20524	20562
20525	20563
20526	20564
20527	20565
20528	20566
20529	20567
20530	20568
20531	20569
20532	20570
20533	20571
20534	20572
20535	20573
20536	20574
20537	20575
20538	20576
20539	deleted
20540	20577
20541	20578
20542	20579
20543	20580
20544	20581
20545	20582
20546	20583
20547	20584
20548	20585
20549	20586
20550	20587
20551	20588
20552	20589
20553	20590
20554	20591
20555	20592
20556	20593
20557	20594
20558	20595
20559	20596
20560	20597
20561	20598
20562	20599
20563	20600
20564	20601
20565	20602
20566	20603
20567	20604
20568	20605
20569	20606
20570	20607
20571	20608
20572	20609
20573	20610
20574	20611
20575	20612
20576	20613
20577	20614
20578	20615
20579	20616
20580	20617
20581	20618
20582	20619
20583	20620
20584	20621
20585	20622
20586	20623
20587	20624
20588	20625
20589	20626
20590	20627
20591	20628
20592	20629
20593	20630
20594	20631
20595	20632
20596	20633
20597	20634
20598	20635
20599	20636
20600	20637
20601	20638
20602	20639
20603	20640
20604	20641
20605	20642
20606	20643
20607	20644
20608	20645
20609	20646
20610	deleted
20611	20647
20612	20648
20613	20649
20614	20650
20615	20651
20616	20652
20617	20653
20618	20654
20619	20655
20620	20656
20621	20657
20622	20658
20623	20659
20624	20660
20625	20661
20626	20662
20627	20663
20628	20664
20629	20665
20630	20666
20631	20667
20632	20668
20633	20669
20634	20670
20635	20671
20636	20672
20637	20673
20638	20674
20639	20675
20640	20676
20641	20677
20642	20678
20643	20679
20644	20680
20645	20681
20646	20682
20647	20683
20648	20684
20649	20685
20650	20687
20651	20688
20652	20689
20653	20690
20654	20691
20655	20692
20656	20693
20657	20694
20658	20695
20659	20696
20660	20697
20661	20698
20662	20699
20663	20700
20664	20701
20665	20702
20666	20703
20667	20704
20668	20705
20669	20706
20670	20707
20671	20708
20672	20709
20673	20710
20674	20711
20675	20712
20676	20713
20677	20714
20678	20715
20679	20716
20680	20717
20681	20718
20682	20719
20683	20720
20684	20721
20685	20722
20686	20723
20687	20724
20688	20725
20689	20726
20690	20727
20691	20728
20692	20729
20693	20730
20694	20731
20695	20732
20696	20733
20697	20734
20698	20735
20699	20736
20700	20737
20701	20738
20702	20739
20703	20740
20704	20741
20705	deleted
20706	20743
20707	20744
20708	20745
20709	20746
20710	20747
20711	20748
20712	20749
20713	20750
20714	20751
20715	20752
20716	20753
20717	20754
20718	20755
20719	20756
20720	20757
20721	20758
20722	20759
20723	20760
20724	20761
20725	20762
20726	20763
20727	20764
20728	20765
20729	20766
20730	20767
20731	20768
20732	20769
20733	20770
20734	20771
20735	20772
20736	20773
20737	20774
20738	20775
20739	20776
20740	20777
20741	20778
20742	20779
20743	20780
20744	20781
20745	20782
20746	20783
20747	20784
20748	20785
20749	20786
20750	20787
20751	20788
20752	20789
20753	20790
20754	20791
20755	20792
20756	20793
20757	20794
20758	20795
20759	20796
20760	20797
20761	20798
20762	20799
20763	20800
20764	20801
20765	20802
20766	20803
20767	20804
20768	20805
20769	20806
20770	20807
20771	20808
20772	20809
20773	20810
20774	20811
20775	20812
20776	20813
20777	20814
20778	20815
20779	20816
20780	20817
20781	20818
20782	20819
20783	20820
20784	20821
20785	20822
20786	20823
20787	20824
20788	20825
20789	20826
20790	20827
20791	20828
20792	20829
20793	20830
20794	20831
20795	20832
20796	20833
20797	20834
20798	20835
20799	20836
20800	20837
20801	20838
20802	20839
20803	20840
20804	20841
20805	20842
20806	20843
20807	20844
20808	20845
20809	20846
20810	20847
20811	20848
20812	20849
20813	20850
20814	20851
20815	20852
20816	20853
20817	20854
20818	20855
20819	20856
20820	20857
20821	20858
20822	20859
20823	20860
20824	20861
20825	20862
20826	20863
20827	20864
20828	20865
20829	20866
20830	20867
20831	20868
20832	20869
20833	20870
20834	20872
20835	20873
20836	20874
20837	20875
20838	20876
20839	20877
20840	20878
20841	20879
20842	20880
20843	deleted
20844	20881
20845	20882
20846	20883
20847	20884
20848	20885
20849	20886
20850	20887
20851	20888
20852	20889
20853	20890
20854	20891
20855	20892
20856	20893
20857	20894
20858	20895
20859	20896
20860	20897
20861	20898
20862	20899
20863	20900
20864	20901
20865	20902
20866	20903
20867	20904
20868	20905
20869	20906
20870	20907
20871	20908
20872	20909
20873	20910
20874	20911
20875	20912
20876	20913
20877	20914
20878	20915
20879	20916
20880	20917
20881	20918
20882	20919
20883	20920
20884	20921
20885	20922
20886	20923
20887	20924
20888	20925
20889	20926
20890	20927
20891	20928
20892	20929
20893	20930
20894	20931
20895	20932
20896	20933
20897	20934
20898	20935
20899	20936
20900	20937
20901	20938
20902	20939
20903	20940
20904	20941
20905	20942
20906	20943
20907	20944
20908	20945
20909	20946
20910	20947
20911	20948
20912	20949
20913	20950
20914	20951
20915	20952
20916	20953
20917	20954
20918	20955
20919	20956
20920	20957
20921	20958
20922	20959
20923	20960
20924	20961
20925	20962
20926	20963
20927	20964
20928	20965
20929	20966
20930	20967
20931	20968
20932	20970
20933	20971
20934	20972
20935	20973
20936	20974
20937	20975
20938	20976
20939	20977
20940	20978
20941	20979
20942	20980
20943	20981
20944	20982
20945	20983
20946	deleted
20947	20985
20948	20986
20949	20987
20950	20988
20951	20989
20952	20990
20953	20991
20954	20992
20955	20993
20956	20994
20957	20995
20958	20996
20959	20997
20960	20998
20961	20999
20962	21000
20963	21001
20964	21002
20965	21003
20966	21004
20967	21005
20968	21006
20969	21007
20970	21008
20971	21009
20972	21010
20973	21011
20974	21012
20975	21013
20976	21014
20977	21015
20978	21016
20979	21017
20980	21018
20981	21019
20982	21020
20983	21021
20984	21022
20985	21023
20986	21024
20987	21025
20988	21026
20989	21027
20990	21028
20991	21029
20992	21030
20993	21031
20994	21032
20995	21033
20996	21034
20997	21035
20998	21036
20999	21037
21000	21038
21001	21039
21002	21040
21003	21041
21004	21042
21005	21043
21006	21044
21007	21045
21008	21046
21009	21047
21010	21048
21011	21049
21012	21050
21013	21051
21014	21052
21015	21053
21016	21054
21017	21055
21018	21056
21019	21057
21020	21058
21021	21059
21022	21060
21023	21061
21024	21062
21025	21063
21026	21064
21027	21065
21028	21066
21029	21067
21030	21068
21031	21069
21032	21070
21033	21071
21034	21072
21035	21073
21036	21074
21037	21075
21038	21076
21039	21077
21040	21078
21041	deleted
21042	21080
21043	21081
21044	21082
21045	21083
21046	21084
21047	21085
21048	21086
21049	21087
21050	21088
21051	21089
21052	21090
21053	21091
21054	21092
21055	deleted
21056	21094
21057	21095
21058	21096
21059	21097
21060	21098
21061	21099
21062	21100
21063	21101
21064	21102
21065	21103
21066	21104
21067	21105
21068	21106
21069	21107
21070	21108
21071	21109
21072	21110
21073	21111
21074	21112
21075	21113
21076	21114
21077	21115
21078	21116
21079	21117
21080	21118
21081	21119
21082	21120
21083	21121
21084	21122
21085	21123
21086	21124
21087	21125
21088	21126
21089	21127
21090	21128
21091	21129
21092	21130
21093	21131
21094	21132
21095	21133
21096	21134
21097	21135
21098	21136
21099	21137
21100	21138
21101	21139
21102	21140
21103	21141
21104	21142
21105	21143
21106	21144
21107	21145
21108	21146
21109	21147
21110	21148
21111	21149
21112	21150
21113	21151
21114	21152
21115	21154
21116	21155
21117	21156
21118	21157
21119	21158
21120	21159
21121	21160
21122	21161
21123	21162
21124	21163
21125	21164
21126	21165
21127	21166
21128	21167
21129	21168
21130	21169
21131	21170
21132	21171
21133	21172
21134	21173
21135	21174
21136	21175
21137	21176
21138	21177
21139	21178
21140	21179
21141	21180
21142	21181
21143	21182
21144	21183
21145	21184
21146	21185
21147	21186
21148	21187
21149	21188
21150	21189
21151	21190
21152	21191
21153	21192
21154	21193
21155	21194
21156	21195
21157	21196
21158	21197
21159	21198
21160	21199
21161	21200
21162	21201
21163	21202
21164	21203
21165	21204
21166	21205
21167	21206
21168	21207
21169	21208
21170	21209
21171	21210
21172	21211
21173	21212
21174	21213
21175	21214
21176	21215
21177	deleted
21178	21217
21179	21218
21180	21219
21181	21220
21182	21221
21183	21222
21184	21223
21185	21224
21186	21225
21187	21226
21188	21227
21189	21228
21190	21229
21191	21230
21192	deleted
21193	21232
21194	21233
21195	21234
21196	21235
21197	21236
21198	21237
21199	21238
21200	21239
21201	21240
21202	21241
21203	21242
21204	21243
21205	21244
21206	21245
21207	21246
21208	21247
21209	21248
21210	21249
21211	21250
21212	21251
21213	21252
21214	21253
21215	21254
21216	21255
21217	21256
21218	21257
21219	21258
21220	21259
21221	21260
21222	21261
21223	21262
21224	21263
21225	21264
21226	deleted
21227	21265
21228	21266
21229	21267
21230	21268
21231	21269
21232	21270
21233	21271
21234	21272
21235	21273
21236	21274
21237	21275
21238	21276
21239	21277
21240	21278
21241	deleted
21242	21279
21243	21280
21244	21281
21245	21282
21246	21283
21247	21284
21248	21285
21249	21286
21250	21287
21251	21288
21252	21289
21253	21290
21254	21291
21255	21292
21256	21293
21257	21294
21258	21295
21259	21296
21260	21297
21261	21298
21262	21299
21263	21300
21264	21301
21265	21302
21266	21303
21267	21304
21268	21305
21269	21306
21270	21307
21271	21308
21272	21309
21273	21310
21274	21311
21275	21312
21276	21313
21277	21314
21278	21315
21279	21316
21280	deleted
21281	21317
21282	21318
21283	21319
21284	21320
21285	21321
21286	21322
21287	21323
21288	21324
21289	21325
21290	21326
21291	21327
21292	21328
21293	21329
21294	21330
21295	21331
21296	21332
21297	21333
21298	21334
21299	21335
21300	21336
21301	21337
21302	21338
21303	21339
21304	21340
21305	21341
21306	21342
21307	21343
21308	21344
21309	21345
21310	21346
21311	21347
21312	21348
21313	21349
21314	21350
21315	21351
21316	21352
21317	21353
21318	21354
21319	21355
21320	21356
21321	21357
21322	21358
21323	21359
21324	21360
21325	21361
21326	21362
21327	21363
21328	21364
21329	21365
21330	21366
21331	21367
21332	21368
21333	21369
21334	21370
21335	21371
21336	21372
21337	21373
21338	21374
21339	21375
21340	21376
21341	21377
21342	21378
21343	21379
21344	21380
21345	21381
21346	21382
21347	21383
21348	21384
21349	21385
21350	21386
21351	21387
21352	21388
21353	21389
21354	21390
21355	21391
21356	21392
21357	21393
21358	21394
21359	21395
21360	21396
21361	21397
21362	21398
21363	21399
21364	21400
21365	21401
21366	21402
21367	21403
21368	21404
21369	21405
21370	21406
21371	21407
21372	21408
21373	21409
21374	21410
21375	21411
21376	21412
21377	21413
21378	21414
21379	21415
21380	21416
21381	21417
21382	21418
21383	21419
21384	21420
21385	21421
21386	21422
21387	21423
21388	21424
21389	21425
21390	21426
21391	21427
21392	21428
21393	21429
21394	21430
21395	21431
21396	21432
21397	21433
21398	21434
21399	21435
21400	21436
21401	21437
21402	21438
21403	21439
21404	21440
21405	21441
21406	21442
21407	21443
21408	21444
21409	21445
21410	21446
21411	21447
21412	21448
21413	21449
21414	21450
21415	21451
21416	21452
21417	21453
21418	21454
21419	21455
21420	21456
21421	21457
21422	21458
21423	21459
21424	deleted
21425	21460
21426	21461
21427	21462
21428	21463
21429	21464
21430	21465
21431	21466
21432	21467
21433	21468
21434	21469
21435	21470
21436	21471
21437	21472
21438	21473
21439	21474
21440	21475
21441	21476
21442	21477
21443	21478
21444	21479
21445	21480
21446	21481
21447	21482
21448	21483
21449	21484
21450	21486
21451	21487
21452	21488
21453	21489
21454	21490
21455	21491
21456	21492
21457	21493
21458	21494
21459	21495
21460	21496
21461	21497
21462	21498
21463	21499
21464	21500
21465	21501
21466	21502
21467	21503
21468	21504
21469	21505
21470	21506
21471	21507
21472	21508
21473	21509
21474	21510
21475	21511
21476	21512
21477	21513
21478	21514
21479	21515
21480	21516
21481	21517
21482	21518
21483	21519
21484	21520
21485	21521
21486	21522
21487	21523
21488	21524
21489	21525
21490	21526
21491	21527
21492	21528
21493	21529
21494	21530
21495	21531
21496	21532
21497	21533
21498	21534
21499	21535
21500	21536
21501	21537
21502	21538
21503	21539
21504	deleted
21505	21540
21506	21541
21507	21542
21508	21543
21509	21544
21510	21545
21511	21546
21512	21547
21513	21548
21514	21549
21515	21550
21516	21551
21517	21552
21518	21553
21519	21554
21520	21555
21521	21556
21522	21557
21523	21558
21524	21559
21525	21560
21526	21561
21527	21562
21528	21563
21529	21564
21530	21565
21531	21566
21532	21567
21533	21568
21534	21569
21535	21570
21536	21571
21537	21572
21538	21573
21539	21574
21540	21575
21541	21576
21542	21577
21543	21578
21544	21579
21545	21580
21546	21581
21547	21582
21548	21583
21549	21584
21550	21585
21551	21586
21552	21587
21553	21588
21554	21589
21555	21590
21556	21591
21557	21592
21558	21593
21559	21594
21560	21595
21561	21596
21562	21597
21563	21598
21564	21599
21565	21600
21566	21601
21567	21602
21568	21603
21569	21604
21570	21605
21571	21606
21572	21607
21573	21608
21574	21609
21575	21610
21576	21611
21577	21612
21578	21613
21579	21614
21580	21615
21581	21616
21582	21617
21583	21618
21584	21619
21585	21620
21586	21621
21587	21622
21588	21623
21589	21624
21590	21625
21591	21626
21592	21627
21593	21628
21594	21629
21595	21630
21596	21631
21597	21632
21598	21633
21599	21634
21600	deleted
21601	21635
21602	21636
21603	21637
21604	21638
21605	21639
21606	21640
21607	21641
21608	21642
21609	21643
21610	21644
21611	21645
21612	21646
21613	21647
21614	21648
21615	21649
21616	21650
21617	21651
21618	21652
21619	21653
21620	21654
21621	21655
21622	21656
21623	21657
21624	21658
21625	21659
21626	21660
21627	21661
21628	21662
21629	21663
21630	21664
21631	21665
21632	21666
21633	21667
21634	21668
21635	21669
21636	21670
21637	21671
21638	21672
21639	21673
21640	21674
21641	21675
21642	21676
21643	21678
21644	21679
21645	21680
21646	21681
21647	21682
21648	21683
21649	21684
21650	21685
21651	21686
21652	21687
21653	21688
21654	21689
21655	21690
21656	21691
21657	21692
21658	21693
21659	21694
21660	21695
21661	21696
21662	21697
21663	21699
21664	21700
21665	21701
21666	21702
21667	21703
21668	21705
21669	21706
21670	21707
21671	21708
21672	21709
21673	21710
21674	21711
21675	21712
21676	21713
21677	21714
21678	21715
21679	21717
21680	21718
21681	21719
21682	21720
21683	21721
21684	21722
21685	21723
21686	21724
21687	21725
21688	21726
21689	21727
21690	21728
21691	21729
21692	21730
21693	21731
21694	21732
21695	21733
21696	21734
21697	21735
21698	21736
21699	21737
21700	21738
21701	21740
21702	21741
21703	21742
21704	21743
21705	21744
21706	21745
21707	21746
21708	21747
21709	21748
21710	21749
21711	21750
21712	21751
21713	21752
21714	21753
21715	21754
21716	21755
21717	21756
21718	deleted
21719	21757
21720	21758
21721	21759
21722	21760
21723	21761
21724	21762
21725	21763
21726	deleted
21727	21765
21728	21766
21729	21767
21730	21768
21731	21769
21732	21770
21733	21771
21734	21772
21735	21773
21736	21774
21737	21775
21738	21776
21739	21777
21740	21778
21741	21779
21742	21780
21743	21781
21744	21782
21745	21783
21746	21784
21747	21785
21748	21786
21749	21787
21750	21788
21751	21789
21752	21790
21753	21791
21754	21792
21755	21793
21756	21794
21757	21795
21758	21796
21759	21797
21760	21798
21761	21799
21762	21800
21763	21801
21764	21802
21765	21803
21766	21804
21767	21805
21768	21806
21769	21807
21770	21808
21771	21809
21772	21810
21773	21811
21774	21812
21775	21813
21776	21814
21777	21816
21778	21817
21779	21818
21780	21819
21781	21820
21782	21821
21783	21822
21784	21823
21785	21824
21786	21825
21787	21826
21788	21827
21789	21828
21790	21829
21791	21830
21792	21831
21793	21832
21794	21833
21795	21834
21796	21835
21797	21836
21798	21837
21799	21838
21800	21839
21801	21840
21802	21841
21803	21842
21804	21843
21805	21844
21806	21845
21807	21846
21808	21847
21809	21848
21810	21849
21811	21850
21812	21851
21813	21852
21814	21853
21815	21854
21816	21855
21817	21856
21818	21857
21819	21858
21820	21859
21821	21860
21822	21861
21823	21862
21824	21863
21825	21864
21826	21865
21827	21866
21828	21867
21829	21868
21830	21869
21831	21870
21832	21871
21833	21872
21834	21873
21835	21874
21836	21875
21837	21876
21838	21877
21839	21878
21840	21879
21841	21880
21842	21881
21843	21883
21844	21884
21845	21885
21846	21886
21847	21887
21848	21888
21849	21889
21850	21890
21851	21891
21852	21892
21853	21893
21854	21894
21855	21895
21856	21896
21857	21897
21858	21898
21859	21899
21860	21900
21861	21901
21862	21902
21863	21903
21864	21904
21865	21905
21866	21906
21867	21907
21868	21908
21869	21909
21870	21910
21871	21911
21872	21912
21873	21913
21874	21914
21875	21915
21876	21916
21877	21917
21878	21918
21879	21919
21880	21920
21881	21921
21882	21922
21883	21923
21884	21924
21885	21925
21886	21926
21887	21927
21888	21928
21889	21929
21890	21930
21891	21931
21892	21932
21893	21933
21894	21934
21895	21935
21896	21936
21897	21937
21898	21938
21899	21939
21900	21940
21901	21942
21902	21943
21903	21944
21904	21945
21905	21946
21906	21947
21907	21948
21908	21949
21909	21950
21910	21951
21911	21952
21912	21953
21913	21954
21914	21955
21915	21956
21916	21957
21917	21958
21918	21959
21919	21960
21920	21961
21921	21962
21922	21963
21923	21964
21924	21965
21925	21966
21926	21967
21927	21968
21928	21969
21929	21970
21930	21971
21931	21972
21932	21973
21933	21974
21934	21975
21935	21976
21936	21977
21937	21978
21938	21979
21939	21980
21940	21981
21941	21982
21942	21983
21943	21985
21944	21986
21945	21987
21946	21988
21947	21989
21948	21990
21949	21991
21950	21992
21951	21993
21952	21994
21953	21995
21954	21996
21955	21997
21956	21998
21957	21999
21958	22000
21959	22001
21960	22002
21961	22003
21962	22004
21963	22005
21964	22006
21965	22007
21966	22008
21967	22009
21968	22010
21969	22011
21970	22012
21971	22013
21972	22014
21973	22015
21974	22016
21975	22017
21976	deleted
21977	22019
21978	22020
21979	22021
21980	22022
21981	22023
21982	22024
21983	22025
21984	22026
21985	22027
21986	22028
21987	22029
21988	22030
21989	22031
21990	deleted
21991	22033
21992	22034
21993	22035
21994	22036
21995	22037
21996	22038
21997	22039
21998	22040
21999	22041
22000	22042
22001	22043
22002	22044
22003	22045
22004	22046
22005	22047
22006	22048
22007	22049
22008	22050
22009	22051
22010	22052
22011	22053
22012	22054
22013	22055
22014	22056
22015	22057
22016	22058
22017	22059
22018	22060
22019	22061
22020	22062
22021	22063
22022	22064
22023	22065
22024	22066
22025	22067
22026	22068
22027	22069
22028	22070
22029	22071
22030	22072
22031	22073
22032	22074
22033	22075
22034	22076
22035	22077
22036	22078
22037	22079
22038	22080
22039	22081
22040	22082
22041	22083
22042	22084
22043	22085
22044	22086
22045	22087
22046	22088
22047	22089
22048	22090
22049	22091
22050	22092
22051	22093
22052	22094
22053	22095
22054	22096
22055	22097
22056	22098
22057	22099
22058	22100
22059	22101
22060	22102
22061	22103
22062	22104
22063	22105
22064	22106
22065	22107
22066	22108
22067	22109
22068	22110
22069	22111
22070	22112
22071	22113
22072	22114
22073	22115
22074	22116
22075	22117
22076	22118
22077	22119
22078	22120
22079	22121
22080	22122
22081	22123
22082	22124
22083	22125
22084	22126
22085	22127
22086	22128
22087	22129
22088	22130
22089	22131
22090	22132
22091	22133
22092	22134
22093	22135
22094	22136
22095	22137
22096	22138
22097	22139
22098	22140
22099	22141
22100	22142
22101	22143
22102	22144
22103	22145
22104	22146
22105	22147
22106	22148
22107	22149
22108	22150
22109	22151
22110	22152
22111	22153
22112	22154
22113	22155
22114	22156
22115	22157
22116	22158
22117	22159
22118	22160
22119	22161
22120	22162
22121	22163
22122	22164
22123	22165
22124	22166
22125	22167
22126	22168
22127	22169
22128	22170
22129	22171
22130	22172
22131	22173
22132	22174
22133	22175
22134	22176
22135	22177
22136	22178
22137	22179
22138	22180
22139	22181
22140	22182
22141	22183
22142	22184
22143	22185
22144	22186
22145	22187
22146	22188
22147	22189
22148	22190
22149	22191
22150	22192
22151	22193
22152	22194
22153	22195
22154	22196
22155	22197
22156	22198
22157	22199
22158	22200
22159	22201
22160	22202
22161	22203
22162	22204
22163	22205
22164	22206
22165	22207
22166	22208
22167	22209
22168	22210
22169	22211
22170	22212
22171	22213
22172	22214
22173	22215
22174	22216
22175	22217
22176	22218
22177	22219
22178	22220
22179	22221
22180	22222
22181	22223
22182	22224
22183	22225
22184	22226
22185	22227
22186	22228
22187	22229
22188	22230
22189	22231
22190	22232
22191	22233
22192	22234
22193	22235
22194	22236
22195	22237
22196	22238
22197	22239
22198	22240
22199	22241
22200	22242
22201	22243
22202	22244
22203	22245
22204	22246
22205	22247
22206	22248
22207	22249
22208	22250
22209	22251
22210	deleted
22211	22253
22212	22254
22213	22255
22214	22256
22215	22257
22216	22258
22217	22259
22218	22260
22219	22261
22220	22262
22221	22263
22222	22264
22223	22265
22224	22266
22225	22267
22226	22268
22227	22269
22228	22270
22229	22271
22230	22272
22231	22273
22232	22274
22233	22275
22234	22276
22235	22277
22236	22278
22237	22279
22238	22280
22239	22281
22240	22282
22241	22283
22242	22284
22243	22285
22244	22286
22245	22287
22246	22288
22247	22289
22248	22290
22249	22291
22250	22292
22251	22293
22252	22294
22253	22295
22254	22296
22255	22297
22256	22298
22257	22299
22258	22300
22259	22301
22260	22302
22261	22303
22262	22304
22263	22305
22264	22306
22265	22307
22266	22308
22267	22309
22268	22310
22269	22311
22270	22312
22271	22313
22272	22314
22273	22315
22274	22316
22275	22317
22276	22318
22277	22319
22278	22320
22279	22321
22280	22322
22281	22323
22282	22324
22283	22325
22284	22326
22285	22327
22286	22328
22287	22329
22288	22330
22289	22331
22290	22332
22291	22333
22292	22334
22293	22335
22294	22336
22295	22337
22296	22338
22297	22339
22298	22340
22299	22341
22300	22342
22301	22343
22302	22344
22303	22345
22304	22346
22305	22347
22306	22348
22307	22349
22308	22350
22309	22351
22310	22352
22311	22353
22312	22354
22313	22355
22314	22356
22315	22357
22316	22358
22317	22359
22318	22360
22319	22361
22320	22362
22321	22363
22322	22364
22323	22365
22324	22366
22325	22367
22326	22368
22327	22369
22328	22370
22329	22371
22330	22372
22331	22373
22332	22374
22333	22375
22334	22376
22335	22377
22336	22378
22337	22379
22338	22380
22339	22381
22340	22382
22341	22383
22342	22384
22343	22385
22344	22386
22345	22387
22346	22388
22347	22389
22348	22390
22349	22391
22350	22392
22351	22393
22352	22394
22353	22395
22354	22396
22355	22397
22356	22398
22357	22399
22358	22400
22359	22401
22360	22402
22361	22403
22362	22404
22363	22405
22364	22406
22365	22407
22366	22408
22367	22409
22368	22410
22369	22411
22370	22412
22371	22413
22372	22414
22373	22415
22374	22416
22375	22417
22376	22418
22377	22419
22378	22420
22379	22421
22380	22422
22381	22423
22382	22424
22383	22425
22384	22426
22385	22427
22386	22428
22387	22429
22388	22430
22389	22431
22390	22432
22391	22433
22392	22434
22393	22435
22394	22436
22395	22437
22396	22438
22397	22439
22398	22440
22399	22441
22400	22442
22401	22443
22402	22444
22403	22445
22404	22446
22405	22447
22406	22448
22407	22449
22408	22450
22409	deleted
22410	22452
22411	22453
22412	22454
22413	22455
22414	22456
22415	22457
22416	22458
22417	22459
22418	22460
22419	22461
22420	22462
22421	22463
22422	22464
22423	22465
22424	22466
22425	22467
22426	22468
22427	22469
22428	22470
22429	22471
22430	22472
22431	22473
22432	22474
22433	22475
22434	22476
22435	22477
22436	22478
22437	22479
22438	22480
22439	22481
22440	22483
22441	22484
22442	22485
22443	deleted
22444	22486
22445	22487
22446	22488
22447	deleted
22448	22490
22449	22491
22450	22492
22451	22493
22452	22494
22453	22495
22454	22496
22455	22497
22456	22498
22457	22499
22458	22500
22459	22501
22460	22502
22461	22503
22462	22504
22463	22505
22464	22506
22465	22507
22466	22508
22467	22509
22468	22510
22469	22511
22470	22512
22471	22513
22472	22514
22473	22515
22474	22517
22475	22518
22476	22519
22477	22520
22478	22521
22479	22522
22480	22523
22481	22524
22482	22525
22483	22526
22484	deleted
22485	22527
22486	22528
22487	22529
22488	22530
22489	22531
22490	22532
22491	22533
22492	22534
22493	22535
22494	22536
22495	22537
22496	22538
22497	22539
22498	22540
22499	22541
22500	22542
22501	22543
22502	22544
22503	22545
22504	22546
22505	22547
22506	22548
22507	22549
22508	22550
22509	22551
22510	22552
22511	22553
22512	22554
22513	22555
22514	22556
22515	22557
22516	22558
22517	22559
22518	22560
22519	22561
22520	22562
22521	22563
22522	22564
22523	22565
22524	22566
22525	22567
22526	22568
22527	22569
22528	22570
22529	22571
22530	22572
22531	22573
22532	22574
22533	22575
22534	22576
22535	22577
22536	22578
22537	22579
22538	22580
22539	22581
22540	22582
22541	22583
22542	22584
22543	22585
22544	22586
22545	22587
22546	22588
22547	22589
22548	22590
22549	22591
22550	22592
22551	22593
22552	22594
22553	22595
22554	22596
22555	22597
22556	22598
22557	22599
22558	22600
22559	22601
22560	22602
22561	deleted
22562	22604
22563	22605
22564	22606
22565	22607
22566	22608
22567	22609
22568	22610
22569	22611
22570	22612
22571	22613
22572	22614
22573	22615
22574	22616
22575	22617
22576	22618
22577	22619
22578	22620
22579	22621
22580	22622
22581	22623
22582	22624
22583	22625
22584	22626
22585	22627
22586	22628
22587	22629
22588	deleted
22589	22631
22590	22632
22591	22633
22592	22634
22593	22635
22594	22636
22595	22637
22596	22638
22597	22639
22598	22640
22599	22641
22600	22642
22601	22643
22602	22644
22603	22645
22604	22646
22605	22647
22606	22648
22607	22649
22608	22650
22609	22651
22610	22652
22611	22653
22612	22654
22613	22655
22614	22656
22615	22657
22616	22658
22617	22659
22618	22660
22619	22661
22620	22662
22621	22663
22622	22664
22623	deleted
22624	22665
22625	22666
22626	deleted
22627	22667
22628	22668
22629	22669
22630	22670
22631	22671
22632	22672
22633	22673
22634	22674
22635	22675
22636	22676
22637	22677
22638	22678
22639	22679
22640	22680
22641	22682
22642	22683
22643	22684
22644	22685
22645	22686
22646	deleted
22647	22687
22648	22688
22649	22689
22650	22690
22651	22691
22652	22692
22653	22693
22654	22694
22655	22695
22656	deleted
22657	22696
22658	22697
22659	22698
22660	22699
22661	22700
22662	22701
22663	22702
22664	22703
22665	22704
22666	22705
22667	22706
22668	22707
22669	22708
22670	22709
22671	22710
22672	22711
22673	22712
22674	22713
22675	22714
22676	22715
22677	22716
22678	22717
22679	22718
22680	22719
22681	22720
22682	22722
22683	22723
22684	22724
22685	22725
22686	22726
22687	22727
22688	22728
22689	22729
22690	22730
22691	22731
22692	22732
22693	22733
22694	22735
22695	22736
22696	22737
22697	22738
22698	22739
22699	22740
22700	22741
22701	22742
22702	22743
22703	22744
22704	22745
22705	22746
22706	22747
22707	22748
22708	22749
22709	22750
22710	22751
22711	22752
22712	22753
22713	22754
22714	22755
22715	22756
22716	22757
22717	22758
22718	22760
22719	22761
22720	22762
22721	22763
22722	22764
22723	22765
22724	22766
22725	22767
22726	22768
22727	22769
22728	22770
22729	22771
22730	22772
22731	22773
22732	22774
22733	22775
22734	22776
22735	22777
22736	22778
22737	22779
22738	22780
22739	22781
22740	22782
22741	22783
22742	22784
22743	22785
22744	22786
22745	22787
22746	22788
22747	22789
22748	22790
22749	22791
22750	22792
22751	22793
22752	22794
22753	22795
22754	22796
22755	22797
22756	22798
22757	22799
22758	22800
22759	22801
22760	deleted
22761	22802
22762	22803
22763	22804
22764	22805
22765	22806
22766	22807
22767	22808
22768	22809
22769	22810
22770	22811
22771	22812
22772	22813
22773	22814
22774	22815
22775	22816
22776	22817
22777	22818
22778	22819
22779	22820
22780	22821
22781	22822
22782	22823
22783	22824
22784	22825
22785	22826
22786	22827
22787	22828
22788	22829
22789	22830
22790	22831
22791	22832
22792	22833
22793	22834
22794	22835
22795	22836
22796	22837
22797	22838
22798	22839
22799	22840
22800	22841
22801	22842
22802	22843
22803	22844
22804	22845
22805	22846
22806	22847
22807	22848
22808	22849
22809	22850
22810	22851
22811	22852
22812	22853
22813	22854
22814	22855
22815	22856
22816	22857
22817	22858
22818	22859
22819	22860
22820	22861
22821	22862
22822	22863
22823	22864
22824	22865
22825	22866
22826	22867
22827	22868
22828	22869
22829	22870
22830	22871
22831	22872
22832	22873
22833	22874
22834	22875
22835	22876
22836	22877
22837	22878
22838	22879
22839	22880
22840	22881
22841	22882
22842	22883
22843	22884
22844	22885
22845	22886
22846	22887
22847	22888
22848	22889
22849	22890
22850	22891
22851	22892
22852	22893
22853	22894
22854	22895
22855	22896
22856	22897
22857	22898
22858	22899
22859	22900
22860	22901
22861	22902
22862	22903
22863	22904
22864	22905
22865	22906
22866	22907
22867	22908
22868	22909
22869	22910
22870	22911
22871	22912
22872	22913
22873	22914
22874	22915
22875	22916
22876	22917
22877	22918
22878	22919
22879	22920
22880	22921
22881	22922
22882	22923
22883	22924
22884	22925
22885	22926
22886	22927
22887	22928
22888	22929
22889	22930
22890	22931
22891	22932
22892	22933
22893	22934
22894	22935
22895	22936
22896	22937
22897	22938
22898	22939
22899	22940
22900	22941
22901	22942
22902	22943
22903	22944
22904	22945
22905	22946
22906	22947
22907	22948
22908	22949
22909	22950
22910	22951
22911	22952
22912	22953
22913	22954
22914	22955
22915	22956
22916	22957
22917	22958
22918	22959
22919	22960
22920	22961
22921	22962
22922	22963
22923	22964
22924	22965
22925	22966
22926	22967
22927	22968
22928	22969
22929	22970
22930	22971
22931	22972
22932	22973
22933	22974
22934	22975
22935	22976
22936	22977
22937	22978
22938	22979
22939	22980
22940	22981
22941	22982
22942	22983
22943	22984
22944	22985
22945	22986
22946	22987
22947	22988
22948	22989
22949	22990
22950	22991
22951	22992
22952	deleted
22953	22993
22954	22994
22955	22995
22956	22996
22957	22997
22958	22998
22959	22999
22960	23000
22961	23001
22962	23002
22963	23003
22964	23004
22965	deleted
22966	23005
22967	23006
22968	23007
22969	23008
22970	23009
22971	23010
22972	23011
22973	23012
22974	23013
22975	23014
22976	23015
22977	23016
22978	23017
22979	23018
22980	23019
22981	23020
22982	23021
22983	23022
22984	23023
22985	23024
22986	23025
22987	23026
22988	23027
22989	23028
22990	23029
22991	23030
22992	23031
22993	23032
22994	23033
22995	23034
22996	23035
22997	23036
22998	23037
22999	23038
23000	23039
23001	23040
23002	23041
23003	23042
23004	23043
23005	23044
23006	23045
23007	23046
23008	23047
23009	23048
23010	23049
23011	23050
23012	23051
23013	23052
23014	23053
23015	23054
23016	deleted
23017	23056
23018	23057
23019	23058
23020	23059
23021	23060
23022	23061
23023	23062
23024	23064
23025	23065
23026	23066
23027	23067
23028	23068
23029	23069
23030	23070
23031	23071
23032	23072
23033	23073
23034	23074
23035	23075
23036	23076
23037	23077
23038	23078
23039	23079
23040	23080
23041	23081
23042	23082
23043	23083
23044	23084
23045	23085
23046	23086
23047	23087
23048	23088
23049	23089
23050	23090
23051	23091
23052	23092
23053	23093
23054	23094
23055	23095
23056	23096
23057	23097
23058	23098
23059	23099
23060	23100
23061	23101
23062	23102
23063	23103
23064	23104
23065	23105
23066	23106
23067	23107
23068	23108
23069	23109
23070	23110
23071	23111
23072	23112
23073	23113
23074	23114
23075	23115
23076	23116
23077	23117
23078	23118
23079	23119
23080	23120
23081	23121
23082	23122
23083	23123
23084	23124
23085	23125
23086	23126
23087	23127
23088	23128
23089	23129
23090	23130
23091	23131
23092	23132
23093	23133
23094	23134
23095	23135
23096	23136
23097	23137
23098	23138
23099	23139
23100	23140
23101	23141
23102	23142
23103	23143
23104	23144
23105	23145
23106	23146
23107	23147
23108	23148
23109	23149
23110	23150
23111	23151
23112	23152
23113	23153
23114	23154
23115	23155
23116	23156
23117	23157
23118	23158
23119	23159
23120	23160
23121	23161
23122	23162
23123	23163
23124	23164
23125	deleted
23126	23166
23127	23167
23128	23168
23129	23169
23130	23170
23131	23171
23132	23172
23133	23173
23134	23174
23135	23175
23136	23176
23137	23177
23138	23178
23139	23179
23140	23180
23141	23181
23142	23182
23143	23183
23144	23184
23145	23185
23146	23186
23147	23187
23148	23188
23149	23189
23150	23190
23151	23191
23152	23192
23153	23193
23154	23194
23155	23195
23156	23196
23157	23197
23158	23198
23159	23199
23160	23200
23161	23201
23162	23202
23163	23203
23164	23204
23165	23205
23166	23206
23167	23207
23168	23208
23169	23209
23170	23210
23171	23211
23172	23212
23173	23213
23174	23214
23175	23215
23176	23216
23177	23217
23178	deleted
23179	23219
23180	23220
23181	23221
23182	23222
23183	23223
23184	23224
23185	23225
23186	23226
23187	23227
23188	23228
23189	23229
23190	23230
23191	23231
23192	23232
23193	23233
23194	23234
23195	23235
23196	23236
23197	23237
23198	23238
23199	23239
23200	23240
23201	23241
23202	deleted
23203	23242
23204	23243
23205	23244
23206	23245
23207	23246
23208	23247
23209	23248
23210	23249
23211	23250
23212	23251
23213	23252
23214	23253
23215	23254
23216	23255
23217	23256
23218	23257
23219	23258
23220	23259
23221	23260
23222	23261
23223	23262
23224	23263
23225	23264
23226	23266
23227	23267
23228	23268
23229	23269
23230	23270
23231	23271
23232	23272
23233	23273
23234	23274
23235	23275
23236	23276
23237	23277
23238	23278
23239	23279
23240	23280
23241	23281
23242	23282
23243	23283
23244	23284
23245	23285
23246	23286
23247	23287
23248	23288
23249	23289
23250	23290
23251	23291
23252	23292
23253	23293
23254	23294
23255	23295
23256	23296
23257	23297
23258	23298
23259	23299
23260	23300
23261	23301
23262	deleted
23263	deleted
23264	23303
23265	23304
23266	23305
23267	23306
23268	23307
23269	23308
23270	23309
23271	23310
23272	23311
23273	23312
23274	23313
23275	23314
23276	23315
23277	23316
23278	23317
23279	23318
23280	23319
23281	23320
23282	23321
23283	23322
23284	23323
23285	23324
23286	23325
23287	deleted
23288	23326
23289	23327
23290	23328
23291	23329
23292	23330
23293	23331
23294	23332
23295	23333
23296	23334
23297	23335
23298	23336
23299	23337
23300	23338
23301	23339
23302	23340
23303	23341
23304	23342
23305	23343
23306	23344
23307	23345
23308	23346
23309	23347
23310	23348
23311	23349
23312	23350
23313	23351
23314	23352
23315	23353
23316	23354
23317	23355
23318	23356
23319	23357
23320	23358
23321	23359
23322	23360
23323	23361
23324	23362
23325	23363
23326	23364
23327	deleted
23328	23366
23329	23367
23330	23368
23331	23369
23332	23370
23333	23371
23334	23372
23335	23373
23336	23374
23337	23375
23338	23376
23339	23377
23340	23378
23341	23379
23342	23380
23343	23381
23344	23382
23345	23383
23346	23384
23347	23385
23348	23386
23349	23387
23350	23388
23351	23389
23352	23390
23353	23391
23354	23392
23355	23393
23356	23394
23357	23395
23358	23396
23359	23397
23360	23398
23361	23399
23362	23400
23363	deleted
23364	23401
23365	23402
23366	23403
23367	23404
23368	23405
23369	23406
23370	23407
23371	23408
23372	23409
23373	23410
23374	23411
23375	23412
23376	23413
23377	23414
23378	23415
23379	23416
23380	23417
23381	23418
23382	23419
23383	23420
23384	23421
23385	23422
23386	23423
23387	23424
23388	23425
23389	23426
23390	23427
23391	23428
23392	23429
23393	23430
23394	23431
23395	23432
23396	23433
23397	23434
23398	23435
23399	23436
23400	23437
23401	23438
23402	23439
23403	23440
23404	23441
23405	23442
23406	23443
23407	23444
23408	23445
23409	23446
23410	23447
23411	23448
23412	23449
23413	23450
23414	23451
23415	23452
23416	23453
23417	23454
23418	23455
23419	23456
23420	23457
23421	23458
23422	23459
23423	23460
23424	23461
23425	23462
23426	23463
23427	23464
23428	23465
23429	23466
23430	23467
23431	23468
23432	23469
23433	23470
23434	23471
23435	23472
23436	23473
23437	23474
23438	23475
23439	23476
23440	23477
23441	23479
23442	23480
23443	23481
23444	23482
23445	23483
23446	23484
23447	23485
23448	23486
23449	23487
23450	23488
23451	23489
23452	23490
23453	23491
23454	23492
23455	23493
23456	23494
23457	23495
23458	23496
23459	23497
23460	23498
23461	23499
23462	23500
23463	23501
23464	23502
23465	23503
23466	23504
23467	23505
23468	23506
23469	23507
23470	23508
23471	23509
23472	23510
23473	23511
23474	23512
23475	23513
23476	23514
23477	23515
23478	23516
23479	23517
23480	23518
23481	23519
23482	23520
23483	23521
23484	23522
23485	23523
23486	23524
23487	23525
23488	23526
23489	23527
23490	23528
23491	23529
23492	23530
23493	23531
23494	23532
23495	23533
23496	23534
23497	23535
23498	23536
23499	23537
23500	23538
23501	23539
23502	23540
23503	23541
23504	23542
23505	23543
23506	23544
23507	23546
23508	23547
23509	23548
23510	23549
23511	23550
23512	deleted
23513	23551
23514	23552
23515	23553
23516	23554
23517	23555
23518	23556
23519	23557
23520	23558
23521	23559
23522	23560
23523	23561
23524	23562
23525	23563
23526	23564
23527	23565
23528	23566
23529	23567
23530	23568
23531	23569
23532	23570
23533	23571
23534	23572
23535	23573
23536	23574
23537	23575
23538	23576
23539	23577
23540	23578
23541	23579
23542	23580
23543	23582
23544	23583
23545	23584
23546	23585
23547	23586
23548	23587
23549	23588
23550	23589
23551	23590
23552	23591
23553	23592
23554	23593
23555	23594
23556	23595
23557	23596
23558	23597
23559	23598
23560	23600
23561	23601
23562	23602
23563	23603
23564	23604
23565	23606
23566	23607
23567	23608
23568	23609
23569	23610
23570	23611
23571	23612
23572	23613
23573	23614
23574	23615
23575	23616
23576	23617
23577	23618
23578	23619
23579	23620
23580	23621
23581	23622
23582	23623
23583	23624
23584	23625
23585	23626
23586	23627
23587	23628
23588	23629
23589	23630
23590	23631
23591	23632
23592	23633
23593	23634
23594	23635
23595	23636
23596	23637
23597	23638
23598	23639
23599	23640
23600	23641
23601	23642
23602	23643
23603	23644
23604	23645
23605	23647
23606	23648
23607	23649
23608	23650
23609	23651
23610	23652
23611	23653
23612	23654
23613	23655
23614	23656
23615	23657
23616	23658
23617	23659
23618	23660
23619	23661
23620	23662
23621	23663
23622	23664
23623	23665
23624	23666
23625	23667
23626	23668
23627	23669
23628	23670
23629	23671
23630	23672
23631	23673
23632	23674
23633	23675
23634	23676
23635	23677
23636	23678
23637	23679
23638	23680
23639	23681
23640	23682
23641	23683
23642	23684
23643	23685
23644	23687
23645	23688
23646	23689
23647	23690
23648	23691
23649	23692
23650	23693
23651	23694
23652	23695
23653	23696
23654	23697
23655	23698
23656	23699
23657	23700
23658	23701
23659	23702
23660	23703
23661	23704
23662	23705
23663	23706
23664	23707
23665	23708
23666	23709
23667	23710
23668	23711
23669	23712
23670	23713
23671	23714
23672	23715
23673	23716
23674	23717
23675	23718
23676	23719
23677	23720
23678	23721
23679	23722
23680	23723
23681	23724
23682	23725
23683	23726
23684	23727
23685	23728
23686	23729
23687	23730
23688	23731
23689	23732
23690	23733
23691	23734
23692	23735
23693	23736
23694	23737
23695	23738
23696	23739
23697	23740
23698	23741
23699	23742
23700	23743
23701	23744
23702	23745
23703	23746
23704	23747
23705	23748
23706	23749
23707	23750
23708	23751
23709	23752
23710	23753
23711	23754
23712	23755
23713	23756
23714	23757
23715	23758
23716	23759
23717	23760
23718	23761
23719	23762
23720	23763
23721	23764
23722	23765
23723	23766
23724	23767
23725	23768
23726	23769
23727	23770
23728	23771
23729	23772
23730	23773
23731	23774
23732	23775
23733	23776
23734	23777
23735	23778
23736	23779
23737	23780
23738	23781
23739	23782
23740	23783
23741	23784
23742	23785
23743	23786
23744	23787
23745	23788
23746	23789
23747	23790
23748	23791
23749	23792
23750	23793
23751	23794
23752	23795
23753	23796
23754	23797
23755	23798
23756	23799
23757	23800
23758	23802
23759	23803
23760	23804
23761	23805
23762	23806
23763	23807
23764	23808
23765	23809
23766	23810
23767	23811
23768	23812
23769	23813
23770	23814
23771	23815
23772	23816
23773	23817
23774	23818
23775	23819
23776	23820
23777	23821
23778	23823
23779	23824
23780	23825
23781	23826
23782	23827
23783	23828
23784	23829
23785	23830
23786	23831
23787	23832
23788	23833
23789	23834
23790	23835
23791	23836
23792	23837
23793	23838
23794	23839
23795	23840
23796	23841
23797	23842
23798	23843
23799	23844
23800	23845
23801	23846
23802	23847
23803	23848
23804	23849
23805	23850
23806	23851
23807	23852
23808	23853
23809	23854
23810	23855
23811	23856
23812	23857
23813	23858
23814	23859
23815	23860
23816	23861
23817	23862
23818	23863
23819	23864
23820	23865
23821	23866
23822	23867
23823	23868
23824	23869
23825	23870
23826	23871
23827	23872
23828	23873
23829	23874
23830	23875
23831	23876
23832	23877
23833	23878
23834	23879
23835	23880
23836	23881
23837	23882
23838	23883
23839	23884
23840	23885
23841	23886
23842	23887
23843	23888
23844	23889
23845	23890
23846	23891
23847	23892
23848	23893
23849	23894
23850	23895
23851	23896
23852	23897
23853	23898
23854	23899
23855	23900
23856	23901
23857	23902
23858	23903
23859	23904
23860	23905
23861	23906
23862	23907
23863	23908
23864	23909
23865	23910
23866	23911
23867	23912
23868	23913
23869	23914
23870	23915
23871	23917
23872	23918
23873	23919
23874	23920
23875	23921
23876	23922
23877	23923
23878	23924
23879	23925
23880	23926
23881	23927
23882	23928
23883	23929
23884	23930
23885	23931
23886	23932
23887	23933
23888	23934
23889	23935
23890	23936
23891	23937
23892	23938
23893	23939
23894	23940
23895	23941
23896	23942
23897	23943
23898	23944
23899	23945
23900	23946
23901	23947
23902	23948
23903	23949
23904	23950
23905	23951
23906	deleted
23907	23952
23908	23953
23909	23954
23910	23955
23911	23956
23912	23957
23913	23958
23914	23959
23915	23961
23916	23962
23917	23963
23918	23964
23919	23965
23920	23966
23921	23967
23922	23968
23923	23969
23924	23970
23925	23971
23926	23972
23927	23973
23928	23974
23929	23975
23930	23976
23931	23977
23932	23978
23933	23979
23934	23980
23935	23981
23936	23982
23937	23983
23938	23984
23939	23985
23940	23986
23941	23987
23942	23988
23943	23989
23944	deleted
23945	23990
23946	23991
23947	23992
23948	23993
23949	23994
23950	23995
23951	23997
23952	23998
23953	23999
23954	24000
23955	24001
23956	24002
23957	24003
23958	24004
23959	24005
23960	24006
23961	24007
23962	24008
23963	24009
23964	24010
23965	24011
23966	24012
23967	24013
23968	24014
23969	24015
23970	24016
23971	24017
23972	24018
23973	24019
23974	24020
23975	24021
23976	24022
23977	24023
23978	24024
23979	24025
23980	24026
23981	24027
23982	24028
23983	24029
23984	24030
23985	24031
23986	24032
23987	24033
23988	24034
23989	24035
23990	24036
23991	24037
23992	24038
23993	24039
23994	24040
23995	24041
23996	24042
23997	24043
23998	24044
23999	24045
24000	24046
24001	24047
24002	24048
24003	24049
24004	24050
24005	24051
24006	24052
24007	24053
24008	24054
24009	24055
24010	24056
24011	24057
24012	24058
24013	24059
24014	24060
24015	24061
24016	24062
24017	24063
24018	24064
24019	24065
24020	24066
24021	24067
24022	deleted
24023	24069
24024	24070
24025	24071
24026	24072
24027	24073
24028	24074
24029	24075
24030	24076
24031	24077
24032	24078
24033	24079
24034	24080
24035	24081
24036	24082
24037	24083
24038	24084
24039	24085
24040	24086
24041	24087
24042	24088
24043	24089
24044	24090
24045	24091
24046	24092
24047	24093
24048	24094
24049	24095
24050	24096
24051	24097
24052	24098
24053	24099
24054	24100
24055	24101
24056	24102
24057	24103
24058	24104
24059	24105
24060	24106
24061	24107
24062	24108
24063	24109
24064	24110
24065	24111
24066	24112
24067	24113
24068	24114
24069	24115
24070	24116
24071	24117
24072	24118
24073	24119
24074	24120
24075	24121
24076	24122
24077	24123
24078	24124
24079	24125
24080	24126
24081	24127
24082	24128
24083	24129
24084	24130
24085	24132
24086	24133
24087	24134
24088	24135
24089	24136
24090	24137
24091	deleted
24092	24138
24093	24139
24094	24140
24095	24141
24096	24142
24097	24143
24098	24144
24099	24145
24100	24146
24101	24147
24102	24148
24103	24149
24104	24151
24105	24153
24106	24154
24107	24155
24108	24156
24109	24157
24110	24158
24111	24159
24112	24160
24113	24161
24114	24162
24115	24163
24116	24164
24117	24166
24118	24167
24119	24168
24120	24169
24121	24170
24122	24171
24123	24172
24124	24173
24125	24174
24126	24175
24127	24176
24128	24177
24129	24178
24130	24179
24131	24180
24132	24181
24133	24182
24134	24183
24135	24184
24136	24185
24137	24186
24138	24187
24139	24188
24140	24189
24141	24190
24142	24191
24143	24192
24144	24193
24145	24194
24146	24195
24147	24196
24148	24197
24149	24198
24150	24199
24151	24200
24152	24201
24153	24202
24154	24204
24155	24205
24156	24206
24157	24207
24158	24208
24159	24209
24160	24210
24161	24211
24162	24212
24163	24213
24164	24214
24165	24215
24166	24216
24167	24217
24168	24218
24169	deleted
24170	24220
24171	24221
24172	24222
24173	24223
24174	24224
24175	24226
24176	24227
24177	24228
24178	24229
24179	24230
24180	24231
24181	24232
24182	24233
24183	24234
24184	24235
24185	24236
24186	24237
24187	24238
24188	24239
24189	24240
24190	24241
24191	24242
24192	24243
24193	24244
24194	24245
24195	24246
24196	24247
24197	24248
24198	24249
24199	24250
24200	24251
24201	24252
24202	24253
24203	24254
24204	24255
24205	24256
24206	24257
24207	24258
24208	24259
24209	24260
24210	24261
24211	24262
24212	24263
24213	24264
24214	24265
24215	24266
24216	24267
24217	24268
24218	24269
24219	deleted
24220	24270
24221	24271
24222	24272
24223	24273
24224	24274
24225	24275
24226	24276
24227	24277
24228	24278
24229	24279
24230	24280
24231	24281
24232	24282
24233	24283
24234	24284
24235	24285
24236	24286
24237	24287
24238	24288
24239	24289
24240	24290
24241	24291
24242	24292
24243	24293
24244	24294
24245	24295
24246	24296
24247	24297
24248	24298
24249	24299
24250	24300
24251	24301
24252	24302
24253	24303
24254	24304
24255	24305
24256	24306
24257	24307
24258	24308
24259	24309
24260	24310
24261	24311
24262	24312
24263	24313
24264	24314
24265	24315
24266	24316
24267	24317
24268	24318
24269	24319
24270	24320
24271	24321
24272	24322
24273	24323
24274	24324
24275	24325
24276	24326
24277	24327
24278	24328
24279	24329
24280	24330
24281	24331
24282	24332
24283	24333
24284	24334
24285	24335
24286	24336
24287	24337
24288	24338
24289	24339
24290	24340
24291	24341
24292	24342
24293	24343
24294	24344
24295	24345
24296	24346
24297	24347
24298	24348
24299	24349
24300	24350
24301	24351
24302	24352
24303	deleted
24304	24353
24305	24354
24306	24355
24307	24356
24308	24357
24309	24358
24310	24359
24311	24360
24312	24361
24313	24362
24314	24363
24315	24364
24316	24365
24317	24366
24318	24367
24319	24368
24320	24369
24321	24370
24322	24371
24323	24372
24324	24373
24325	24374
24326	24375
24327	24376
24328	24377
24329	24378
24330	24379
24331	24380
24332	24381
24333	24382
24334	24383
24335	24384
24336	24385
24337	24386
24338	24387
24339	24388
24340	24389
24341	24390
24342	24391
24343	24392
24344	24393
24345	24394
24346	24395
24347	24396
24348	24397
24349	24398
24350	24399
24351	24400
24352	24401
24353	24402
24354	24403
24355	24404
24356	24405
24357	24406
24358	24407
24359	24408
24360	24409
24361	24410
24362	24411
24363	24412
24364	24413
24365	24414
24366	24415
24367	24416
24368	24417
24369	24418
24370	24419
24371	24420
24372	24421
24373	24422
24374	24423
24375	24424
24376	24425
24377	24426
24378	24427
24379	24428
24380	24430
24381	24431
24382	24432
24383	24433
24384	24434
24385	24435
24386	24436
24387	24437
24388	24438
24389	24439
24390	24440
24391	24441
24392	24442
24393	24443
24394	24444
24395	24445
24396	24446
24397	24447
24398	24448
24399	24449
24400	24450
24401	24451
24402	24452
24403	24453
24404	24454
24405	24455
24406	24456
24407	24457
24408	24458
24409	24459
24410	24460
24411	24461
24412	24462
24413	24463
24414	24464
24415	24465
24416	24466
24417	24467
24418	24468
24419	24469
24420	24470
24421	24471
24422	24472
24423	24473
24424	24474
24425	24475
24426	24476
24427	24477
24428	24478
24429	24479
24430	24480
24431	24481
24432	24482
24433	24483
24434	24484
24435	24485
24436	24486
24437	24487
24438	24488
24439	24489
24440	24490
24441	24491
24442	24492
24443	24493
24444	24494
24445	24495
24446	24496
24447	24497
24448	24498
24449	24499
24450	deleted
24451	24500
24452	24501
24453	24502
24454	24503
24455	24504
24456	24505
24457	24506
24458	24507
24459	24508
24460	24509
24461	24510
24462	24511
24463	24512
24464	24513
24465	24514
24466	24515
24467	24516
24468	24517
24469	24518
24470	24519
24471	24520
24472	24521
24473	24522
24474	24523
24475	24524
24476	24525
24477	24526
24478	24527
24479	24528
24480	24529
24481	24530
24482	24531
24483	24532
24484	24533
24485	24534
24486	24535
24487	24536
24488	24537
24489	24538
24490	24539
24491	24540
24492	24541
24493	24542
24494	24543
24495	24544
24496	24545
24497	24546
24498	24547
24499	24548
24500	24549
24501	24550
24502	24551
24503	24552
24504	24553
24505	24554
24506	24555
24507	24556
24508	24557
24509	24558
24510	24559
24511	24560
24512	24561
24513	24562
24514	24563
24515	24564
24516	24565
24517	24566
24518	24567
24519	24568
24520	24569
24521	24570
24522	24571
24523	24572
24524	24573
24525	24574
24526	24575
24527	24576
24528	24577
24529	24578
24530	24579
24531	24580
24532	24581
24533	24582
24534	24583
24535	24584
24536	deleted
24537	24585
24538	24586
24539	24587
24540	24588
24541	24589
24542	24590
24543	24591
24544	24592
24545	24593
24546	24594
24547	24595
24548	24596
24549	24597
24550	24598
24551	24599
24552	24600
24553	24601
24554	24602
24555	24603
24556	24604
24557	24605
24558	24606
24559	24607
24560	24608
24561	24609
24562	24610
24563	24611
24564	24612
24565	24613
24566	24614
24567	24615
24568	24616
24569	24617
24570	24618
24571	24619
24572	24620
24573	24621
24574	24622
24575	24623
24576	24624
24577	24625
24578	24626
24579	24627
24580	24628
24581	24629
24582	deleted
24583	24630
24584	24631
24585	24632
24586	24633
24587	24634
24588	24635
24589	24636
24590	24637
24591	24638
24592	24639
24593	24640
24594	24641
24595	24642
24596	24643
24597	24644
24598	24645
24599	24646
24600	24647
24601	24648
24602	24649
24603	24650
24604	24651
24605	24652
24606	24653
24607	24654
24608	24655
24609	24656
24610	24657
24611	24658
24612	24659
24613	24660
24614	24661
24615	24662
24616	24663
24617	24664
24618	24665
24619	24666
24620	24667
24621	24668
24622	24669
24623	24670
24624	24671
24625	24673
24626	24674
24627	24675
24628	24676
24629	24677
24630	24678
24631	24679
24632	24680
24633	24681
24634	24682
24635	24683
24636	24684
24637	24685
24638	24686
24639	24687
24640	24688
24641	24689
24642	24690
24643	24691
24644	deleted
24645	24692
24646	24693
24647	24694
24648	24695
24649	24696
24650	24697
24651	24698
24652	24699
24653	24700
24654	24701
24655	24702
24656	24703
24657	24704
24658	24705
24659	24706
24660	24707
24661	24708
24662	24709
24663	24710
24664	24711
24665	24712
24666	24713
24667	24714
24668	24716
24669	24717
24670	24718
24671	24719
24672	24720
24673	24721
24674	24722
24675	24723
24676	24724
24677	24725
24678	24726
24679	24727
24680	24728
24681	24729
24682	24730
24683	24731
24684	24732
24685	24733
24686	24734
24687	24735
24688	24736
24689	24737
24690	24738
24691	24739
24692	24740
24693	24741
24694	24742
24695	24743
24696	24744
24697	24745
24698	24746
24699	24747
24700	24748
24701	24749
24702	24750
24703	24751
24704	24752
24705	24753
24706	24754
24707	24755
24708	24756
24709	24757
24710	24758
24711	24759
24712	24760
24713	24761
24714	24762
24715	24763
24716	24764
24717	24765
24718	24766
24719	24767
24720	24768
24721	24769
24722	24770
24723	24771
24724	24772
24725	24773
24726	24774
24727	24775
24728	24776
24729	24777
24730	24778
24731	24779
24732	24780
24733	24781
24734	24782
24735	24783
24736	24784
24737	24785
24738	24786
24739	24787
24740	24788
24741	24789
24742	24790
24743	24791
24744	24792
24745	24793
24746	24794
24747	24795
24748	24796
24749	24797
24750	24798
24751	24799
24752	24800
24753	24801
24754	24802
24755	24803
24756	24804
24757	24805
24758	24806
24759	24807
24760	24808
24761	24809
24762	24810
24763	24811
24764	24812
24765	24813
24766	24814
24767	24815
24768	24816
24769	24817
24770	24818
24771	24819
24772	24820
24773	24821
24774	24822
24775	24823
24776	24824
24777	24825
24778	24826
24779	24827
24780	24828
24781	24829
24782	24830
24783	24831
24784	24832
24785	24833
24786	24834
24787	24835
24788	24836
24789	24837
24790	24838
24791	24839
24792	24840
24793	24841
24794	24842
24795	24843
24796	24844
24797	24845
24798	24846
24799	24847
24800	24848
24801	24849
24802	24850
24803	24851
24804	24852
24805	24853
24806	24854
24807	24855
24808	24856
24809	24857
24810	24858
24811	24859
24812	24860
24813	24862
24814	24863
24815	24864
24816	24865
24817	24866
24818	24867
24819	24868
24820	24869
24821	24870
24822	24871
24823	24872
24824	24873
24825	24874
24826	24875
24827	24876
24828	24877
24829	24878
24830	24879
24831	24880
24832	24881
24833	24882
24834	24883
24835	24884
24836	24885
24837	24886
24838	24887
24839	24888
24840	24889
24841	24890
24842	24891
24843	24892
24844	24893
24845	24894
24846	24895
24847	24896
24848	24897
24849	24898
24850	24899
24851	24900
24852	24901
24853	24902
24854	24903
24855	24904
24856	24905
24857	24906
24858	24907
24859	24908
24860	24909
24861	24910
24862	24911
24863	24912
24864	24913
24865	24914
24866	24915
24867	24916
24868	24917
24869	24918
24870	24919
24871	24920
24872	24921
24873	24922
24874	24923
24875	24924
24876	24925
24877	24926
24878	24927
24879	24928
24880	24929
24881	24930
24882	24931
24883	24932
24884	24933
24885	24934
24886	24935
24887	24936
24888	24937
24889	24938
24890	24939
24891	24940
24892	24941
24893	24942
24894	24943
24895	24944
24896	24945
24897	24946
24898	24947
24899	24948
24900	24949
24901	24950
24902	24951
24903	24952
24904	24953
24905	24954
24906	24955
24907	24956
24908	24957
24909	24958
24910	24959
24911	24960
24912	24961
24913	24962
24914	24963
24915	24964
24916	24965
24917	24966
24918	24967
24919	24968
24920	24969
24921	24970
24922	24971
24923	24972
24924	24973
24925	24974
24926	24975
24927	24976
24928	24977
24929	24978
24930	24979
24931	24980
24932	24981
24933	24982
24934	24983
24935	24984
24936	24985
24937	24986
24938	24987
24939	24988
24940	24989
24941	24990
24942	24991
24943	24992
24944	24993
24945	24994
24946	24995
24947	24996
24948	24997
24949	24998
24950	24999
24951	25000
24952	25001
24953	25002
24954	25003
24955	25004
24956	25005
24957	25006
24958	25007
24959	25008
24960	25009
24961	25010
24962	25011
24963	25012
24964	25013
24965	25014
24966	25015
24967	25016
24968	25017
24969	25018
24970	25019
24971	25020
24972	25021
24973	25022
24974	25023
24975	25024
24976	25025
24977	25026
24978	25027
24979	25028
24980	25029
24981	25030
24982	25031
24983	25032
24984	25033
24985	25034
24986	25035
24987	25036
24988	25037
24989	25038
24990	25039
24991	25040
24992	25041
24993	25042
24994	25043
24995	25044
24996	25045
24997	25046
24998	25047
24999	25048
25000	25049
25001	25050
25002	25051
25003	25052
25004	25053
25005	25054
25006	25055
25007	25056
25008	25057
25009	25058
25010	25059
25011	25060
25012	25061
25013	25062
25014	25063
25015	25064
25016	25065
25017	deleted
25018	25067
25019	25068
25020	25069
25021	25070
25022	25071
25023	25072
25024	25073
25025	25074
25026	25075
25027	25076
25028	25077
25029	25078
25030	25079
25031	25080
25032	25081
25033	25082
25034	25083
25035	25084
25036	25085
25037	25086
25038	25087
25039	25088
25040	25089
25041	25090
25042	25091
25043	25092
25044	deleted
25045	25094
25046	25095
25047	25096
25048	25097
25049	25098
25050	25099
25051	25100
25052	25101
25053	25102
25054	25103
25055	25104
25056	25105
25057	25106
25058	25107
25059	25108
25060	25109
25061	25110
25062	25111
25063	25112
25064	25113
25065	25114
25066	25115
25067	25116
25068	25117
25069	25118
25070	25119
25071	25120
25072	25121
25073	25122
25074	25123
25075	25124
25076	deleted
25077	25125
25078	25126
25079	25127
25080	deleted
25081	25128
25082	25129
25083	25130
25084	25131
25085	25132
25086	25133
25087	25134
25088	25135
25089	25136
25090	25137
25091	25138
25092	25139
25093	25140
25094	25141
25095	25142
25096	25143
25097	25144
25098	25145
25099	deleted
25100	25146
25101	25147
25102	25148
25103	25149
25104	25150
25105	25151
25106	25152
25107	25153
25108	25154
25109	25155
25110	25156
25111	25157
25112	25158
25113	25159
25114	25160
25115	25161
25116	25162
25117	25163
25118	25164
25119	25165
25120	25166
25121	25167
25122	25168
25123	25169
25124	25170
25125	25171
25126	25172
25127	25173
25128	25174
25129	25175
25130	25176
25131	25177
25132	25178
25133	25179
25134	25180
25135	25181
25136	25182
25137	25183
25138	25184
25139	25185
25140	25186
25141	25187
25142	25188
25143	25189
25144	25190
25145	25191
25146	25192
25147	25193
25148	25194
25149	25195
25150	25196
25151	25197
25152	25198
25153	25199
25154	25200
25155	25201
25156	25202
25157	25203
25158	25204
25159	25205
25160	25206
25161	25207
25162	25208
25163	25209
25164	25210
25165	25211
25166	25212
25167	deleted
25168	25213
25169	25214
25170	25215
25171	25216
25172	25217
25173	25218
25174	25219
25175	25220
25176	25221
25177	25222
25178	25223
25179	25224
25180	25225
25181	25226
25182	25227
25183	25228
25184	25229
25185	25230
25186	25231
25187	25232
25188	25233
25189	25234
25190	25235
25191	25236
25192	25237
25193	25238
25194	25239
25195	25240
25196	25241
25197	25242
25198	25243
25199	25244
25200	25245
25201	deleted
25202	25246
25203	25247
25204	25248
25205	25249
25206	25250
25207	25251
25208	25252
25209	25253
25210	25254
25211	25255
25212	25256
25213	25257
25214	25258
25215	25259
25216	25260
25217	25261
25218	25262
25219	25263
25220	25264
25221	25265
25222	25266
25223	25267
25224	25268
25225	deleted
25226	25270
25227	25271
25228	deleted
25229	25272
25230	25273
25231	25274
25232	25275
25233	25276
25234	25277
25235	25278
25236	25279
25237	25280
25238	25281
25239	25282
25240	25283
25241	25284
25242	25285
25243	25286
25244	25287
25245	25288
25246	25289
25247	25290
25248	25291
25249	25292
25250	25293
25251	25294
25252	25295
25253	25296
25254	25297
25255	25298
25256	25299
25257	25300
25258	25301
25259	25302
25260	25303
25261	25304
25262	25305
25263	deleted
25264	25307
25265	25308
25266	25309
25267	25310
25268	25311
25269	deleted
25270	25313
25271	25314
25272	25315
25273	25316
25274	25317
25275	25318
25276	25319
25277	25320
25278	25321
25279	25322
25280	25323
25281	25324
25282	25325
25283	25326
25284	25327
25285	25328
25286	25329
25287	25330
25288	25331
25289	25332
25290	25333
25291	25334
25292	25335
25293	25336
25294	25337
25295	25338
25296	25339
25297	25340
25298	25341
25299	25342
25300	25343
25301	25344
25302	25345
25303	25346
25304	25347
25305	25348
25306	25349
25307	25350
25308	25351
25309	25352
25310	25353
25311	25354
25312	25355
25313	25356
25314	25357
25315	25358
25316	25359
25317	25360
25318	25361
25319	25362
25320	25363
25321	25364
25322	25365
25323	25366
25324	25367
25325	25368
25326	25369
25327	25370
25328	25371
25329	25372
25330	25373
25331	25374
25332	25375
25333	25376
25334	25377
25335	25378
25336	25379
25337	25380
25338	25381
25339	25382
25340	25383
25341	25384
25342	25385
25343	25386
25344	25387
25345	25388
25346	25389
25347	25390
25348	25391
25349	25392
25350	25393
25351	25394
25352	25395
25353	25396
25354	25397
25355	25398
25356	25399
25357	25400
25358	25401
25359	25402
25360	25403
25361	25404
25362	25405
25363	25406
25364	25407
25365	25408
25366	25409
25367	25410
25368	25411
25369	25412
25370	25413
25371	25414
25372	25416
25373	25417
25374	25418
25375	25419
25376	deleted
25377	25420
25378	25421
25379	25422
25380	25423
25381	25424
25382	25425
25383	25426
25384	25427
25385	25428
25386	25429
25387	25430
25388	25431
25389	25432
25390	25433
25391	25434
25392	25435
25393	25436
25394	25437
25395	25438
25396	25440
25397	25441
25398	25442
25399	25443
25400	25444
25401	25445
25402	25446
25403	25447
25404	25448
25405	25449
25406	25450
25407	25451
25408	25452
25409	25453
25410	25454
25411	25455
25412	25456
25413	25457
25414	25458
25415	25459
25416	25460
25417	25461
25418	25462
25419	25463
25420	25464
25421	25465
25422	25466
25423	25467
25424	25468
25425	25469
25426	25470
25427	25471
25428	25472
25429	25473
25430	25474
25431	25475
25432	25476
25433	25477
25434	25478
25435	25479
25436	25480
25437	25481
25438	25482
25439	25483
25440	25484
25441	25485
25442	25486
25443	25487
25444	25488
25445	25489
25446	25490
25447	25491
25448	25492
25449	25493
25450	25494
25451	25495
25452	25496
25453	25497
25454	25498
25455	25499
25456	25500
25457	25501
25458	25502
25459	25503
25460	25504
25461	25505
25462	25506
25463	25507
25464	25508
25465	25509
25466	25510
25467	25511
25468	25512
25469	25513
25470	25514
25471	25515
25472	25516
25473	25517
25474	25518
25475	25519
25476	25520
25477	25521
25478	25522
25479	25523
25480	25524
25481	25525
25482	25526
25483	25527
25484	25528
25485	25529
25486	25530
25487	25531
25488	25532
25489	25533
25490	25534
25491	25535
25492	25536
25493	25537
25494	25538
25495	25539
25496	25540
25497	25541
25498	25542
25499	25543
25500	25544
25501	25545
25502	25546
25503	25547
25504	25548
25505	25550
25506	25551
25507	25552
25508	25553
25509	25554
25510	25555
25511	25556
25512	25557
25513	25558
25514	25559
25515	25560
25516	25561
25517	25562
25518	25563
25519	25564
25520	25565
25521	25566
25522	25567
25523	25568
25524	25569
25525	25570
25526	25571
25527	25572
25528	25573
25529	25574
25530	25575
25531	25576
25532	25577
25533	25578
25534	25579
25535	25580
25536	25581
25537	25582
25538	25583
25539	25584
25540	25585
25541	25586
25542	25588
25543	25589
25544	25590
25545	25591
25546	25592
25547	25593
25548	25594
25549	25595
25550	25596
25551	25597
25552	25598
25553	25599
25554	25600
25555	25601
25556	25602
25557	deleted
25558	25604
25559	25605
25560	25606
25561	25607
25562	25608
25563	25609
25564	25610
25565	25611
25566	25612
25567	25613
25568	25614
25569	25615
25570	25616
25571	25617
25572	25618
25573	25619
25574	25620
25575	25621
25576	25622
25577	25623
25578	25624
25579	25625
25580	25626
25581	25627
25582	25628
25583	25629
25584	25630
25585	25631
25586	25632
25587	25633
25588	25634
25589	25635
25590	25636
25591	25637
25592	25638
25593	25639
25594	25640
25595	25641
25596	25642
25597	25643
25598	25644
25599	25645
25600	25646
25601	25647
25602	25648
25603	25649
25604	25650
25605	25651
25606	25652
25607	25653
25608	25654
25609	25655
25610	25656
25611	25657
25612	25658
25613	25659
25614	25660
25615	25661
25616	25662
25617	25663
25618	25664
25619	25665
25620	25666
25621	25667
25622	25668
25623	25669
25624	25670
25625	25671
25626	25672
25627	25673
25628	25674
25629	25675
25630	25676
25631	25677
25632	25678
25633	25679
25634	25680
25635	25681
25636	25682
25637	25683
25638	25684
25639	25685
25640	25686
25641	25687
25642	25688
25643	deleted
25644	25690
25645	25691
25646	25692
25647	25693
25648	25694
25649	25695
25650	25696
25651	25697
25652	25698
25653	25699
25654	25700
25655	25701
25656	25702
25657	25703
25658	25704
25659	25705
25660	25706
25661	25707
25662	25708
25663	25709
25664	25710
25665	25711
25666	25712
25667	25713
25668	25714
25669	25715
25670	25716
25671	25717
25672	25718
25673	25719
25674	25720
25675	25721
25676	25722
25677	25723
25678	25724
25679	25725
25680	25726
25681	25727
25682	25728
25683	25729
25684	25730
25685	25731
25686	25732
25687	25733
25688	25734
25689	25735
25690	25736
25691	25737
25692	25738
25693	25739
25694	25740
25695	25741
25696	25742
25697	25743
25698	25744
25699	25745
25700	25746
25701	25747
25702	25748
25703	25749
25704	25750
25705	25751
25706	25752
25707	25753
25708	25754
25709	25755
25710	25756
25711	25757
25712	25758
25713	25759
25714	25760
25715	25761
25716	25762
25717	25763
25718	25764
25719	25765
25720	25766
25721	25767
25722	25768
25723	25769
25724	25770
25725	25771
25726	25772
25727	25773
25728	25774
25729	deleted
25730	25775
25731	25776
25732	25777
25733	25778
25734	25779
25735	25780
25736	25781
25737	25782
25738	25783
25739	25784
25740	25785
25741	25786
25742	25787
25743	25788
25744	25789
25745	25790
25746	25791
25747	25792
25748	25793
25749	25794
25750	25795
25751	25796
25752	25797
25753	25798
25754	25799
25755	25800
25756	25801
25757	25802
25758	25803
25759	25804
25760	25805
25761	25806
25762	25807
25763	25808
25764	25809
25765	25810
25766	25811
25767	25812
25768	25813
25769	25814
25770	25815
25771	25816
25772	25817
25773	25818
25774	25819
25775	25820
25776	25821
25777	25822
25778	25823
25779	25825
25780	25826
25781	25827
25782	25828
25783	25829
25784	25830
25785	25831
25786	25832
25787	25833
25788	25834
25789	25835
25790	25836
25791	25837
25792	25838
25793	25839
25794	25840
25795	25841
25796	25842
25797	25843
25798	25844
25799	25845
25800	25846
25801	25847
25802	25848
25803	25849
25804	25850
25805	25851
25806	25852
25807	25853
25808	25854
25809	25855
25810	25856
25811	25857
25812	25858
25813	25859
25814	25860
25815	25861
25816	25862
25817	25863
25818	25864
25819	25865
25820	25866
25821	25867
25822	25868
25823	25869
25824	25870
25825	25871
25826	25872
25827	25873
25828	25874
25829	25875
25830	25876
25831	25877
25832	deleted
25833	25879
25834	25880
25835	25881
25836	25882
25837	25883
25838	25884
25839	25885
25840	25886
25841	25887
25842	25888
25843	25889
25844	25890
25845	25891
25846	25892
25847	25893
25848	25894
25849	25895
25850	25896
25851	25897
25852	25898
25853	25899
25854	25900
25855	25901
25856	25902
25857	25903
25858	25904
25859	25905
25860	25906
25861	25907
25862	25908
25863	25909
25864	25910
25865	25911
25866	25912
25867	25913
25868	25914
25869	25915
25870	25916
25871	25917
25872	25918
25873	25919
25874	25920
25875	25921
25876	25922
25877	25923
25878	25924
25879	25925
25880	25926
25881	25927
25882	25928
25883	25929
25884	25930
25885	25931
25886	25932
25887	25934
25888	25935
25889	25936
25890	25937
25891	25938
25892	25939
25893	25940
25894	25941
25895	25942
25896	25943
25897	25944
25898	25945
25899	25946
25900	25947
25901	25948
25902	25949
25903	25950
25904	25951
25905	25952
25906	25953
25907	25954
25908	25955
25909	25956
25910	25957
25911	25958
25912	25959
25913	25960
25914	25961
25915	25962
25916	25963
25917	25964
25918	25965
25919	25966
25920	25967
25921	25968
25922	25969
25923	25970
25924	25971
25925	25972
25926	25973
25927	25974
25928	deleted
25929	25976
25930	deleted
25931	25977
25932	25978
25933	25979
25934	25980
25935	25981
25936	25982
25937	25983
25938	25984
25939	25985
25940	25986
25941	25987
25942	25988
25943	25989
25944	25990
25945	25991
25946	25992
25947	25993
25948	25994
25949	25995
25950	25996
25951	25997
25952	25998
25953	25999
25954	26000
25955	26001
25956	26002
25957	26003
25958	26004
25959	26005
25960	26006
25961	26007
25962	26008
25963	26009
25964	26010
25965	26011
25966	26012
25967	26013
25968	26014
25969	26015
25970	26016
25971	26017
25972	26018
25973	26019
25974	26020
25975	26021
25976	26022
25977	26023
25978	26024
25979	26025
25980	26026
25981	26027
25982	26028
25983	26029
25984	26030
25985	26031
25986	26032
25987	26033
25988	26034
25989	26035
25990	26036
25991	26037
25992	26038
25993	26039
25994	deleted
25995	26040
25996	26041
25997	26042
25998	26043
25999	26044
26000	26045
26001	26046
26002	26047
26003	26048
26004	26049
26005	26050
26006	26051
26007	26052
26008	26053
26009	26054
26010	26055
26011	26056
26012	26057
26013	26058
26014	26059
26015	26060
26016	26061
26017	26062
26018	26063
26019	26064
26020	26065
26021	26066
26022	26067
26023	26068
26024	26069
26025	26070
26026	26071
26027	26072
26028	26073
26029	26074
26030	26075
26031	26076
26032	26077
26033	26078
26034	26079
26035	26080
26036	26081
26037	26082
26038	26083
26039	26084
26040	26085
26041	26086
26042	26087
26043	26088
26044	26089
26045	26090
26046	26091
26047	26092
26048	26093
26049	26094
26050	26095
26051	26096
26052	26097
26053	26098
26054	26099
26055	26100
26056	26101
26057	26102
26058	deleted
26059	26103
26060	26104
26061	26105
26062	26106
26063	26107
26064	26108
26065	26109
26066	26110
26067	26111
26068	26112
26069	26113
26070	26114
26071	26115
26072	26116
26073	26117
26074	26118
26075	26119
26076	26120
26077	26121
26078	26122
26079	26123
26080	26124
26081	26125
26082	26126
26083	26127
26084	26128
26085	26129
26086	26130
26087	26131
26088	26132
26089	26133
26090	26134
26091	26135
26092	26136
26093	26137
26094	26138
26095	26139
26096	26140
26097	26141
26098	26142
26099	26143
26100	26144
26101	26145
26102	26146
26103	26147
26104	26148
26105	26149
26106	26150
26107	26151
26108	26152
26109	26153
26110	26154
26111	26155
26112	26156
26113	26157
26114	26158
26115	26159
26116	26160
26117	26161
26118	26162
26119	26163
26120	26164
26121	26165
26122	26166
26123	26167
26124	26168
26125	26169
26126	26170
26127	26171
26128	26172
26129	26173
26130	26174
26131	26175
26132	26176
26133	26177
26134	26178
26135	26179
26136	26180
26137	26181
26138	26182
26139	26183
26140	26184
26141	26185
26142	26186
26143	26187
26144	26188
26145	26189
26146	26190
26147	26191
26148	26192
26149	26193
26150	26194
26151	26195
26152	26196
26153	26197
26154	26198
26155	26199
26156	26200
26157	26201
26158	26202
26159	26203
26160	26204
26161	26205
26162	26206
26163	26208
26164	26209
26165	26210
26166	26211
26167	26212
26168	26213
26169	26214
26170	26215
26171	26216
26172	26217
26173	26218
26174	26219
26175	26220
26176	26221
26177	26222
26178	26223
26179	26224
26180	26225
26181	26226
26182	26227
26183	26228
26184	26229
26185	26230
26186	26231
26187	26232
26188	26233
26189	26234
26190	26235
26191	26236
26192	26237
26193	26238
26194	26239
26195	26240
26196	26241
26197	26242
26198	26243
26199	26244
26200	26245
26201	26246
26202	26247
26203	26248
26204	26249
26205	26250
26206	26251
26207	26252
26208	26253
26209	26254
26210	26255
26211	26256
26212	26257
26213	26258
26214	26259
26215	26260
26216	26261
26217	26262
26218	26263
26219	26264
26220	26265
26221	26266
26222	26267
26223	26268
26224	26269
26225	26270
26226	26271
26227	26272
26228	26273
26229	26274
26230	26275
26231	26276
26232	26277
26233	26278
26234	26279
26235	26280
26236	26281
26237	26282
26238	26283
26239	26284
26240	26285
26241	26286
26242	26287
26243	26288
26244	26289
26245	26290
26246	26291
26247	26292
26248	26293
26249	26294
26250	26295
26251	26296
26252	26297
26253	26298
26254	26299
26255	26300
26256	26301
26257	26302
26258	26303
26259	26304
26260	26305
26261	26306
26262	26307
26263	26308
26264	26309
26265	26310
26266	26311
26267	26312
26268	26313
26269	26314
26270	26315
26271	26316
26272	26317
26273	26318
26274	26319
26275	26320
26276	26321
26277	26322
26278	26323
26279	26324
26280	26325
26281	26326
26282	26327
26283	26328
26284	26329
26285	26330
26286	26331
26287	26332
26288	26333
26289	26334
26290	26335
26291	26336
26292	26337
26293	26338
26294	26339
26295	26340
26296	26341
26297	26342
26298	26343
26299	26344
26300	26345
26301	26346
26302	26347
26303	26348
26304	26349
26305	26350
26306	26351
26307	26352
26308	26353
26309	26354
26310	26355
26311	26356
26312	26357
26313	26358
26314	26359
26315	26360
26316	26361
26317	26362
26318	26363
26319	26364
26320	26365
26321	26366
26322	26367
26323	26368
26324	26369
26325	26370
26326	26371
26327	26372
26328	26373
26329	26374
26330	26375
26331	26376
26332	26377
26333	26378
26334	26379
26335	26380
26336	26381
26337	26382
26338	26383
26339	26384
26340	26385
26341	26386
26342	26387
26343	26388
26344	26389
26345	26390
26346	26391
26347	26392
26348	26393
26349	26394
26350	26395
26351	26396
26352	26397
26353	26398
26354	26399
26355	26400
26356	26401
26357	26402
26358	26403
26359	26404
26360	26405
26361	26406
26362	26407
26363	26408
26364	26409
26365	26410
26366	26411
26367	26412
26368	26413
26369	26414
26370	26415
26371	26416
26372	26417
26373	26418
26374	26419
26375	26420
26376	26421
26377	26422
26378	26423
26379	26425
26380	26426
26381	26427
26382	26428
26383	26429
26384	26430
26385	26431
26386	26432
26387	26433
26388	26434
26389	26435
26390	26436
26391	26437
26392	26438
26393	26439
26394	26440
26395	26441
26396	26442
26397	26443
26398	26444
26399	26445
26400	26446
26401	26447
26402	26448
26403	26449
26404	26450
26405	26451
26406	26452
26407	26453
26408	26454
26409	26455
26410	26456
26411	26457
26412	26458
26413	26459
26414	26460
26415	26461
26416	26462
26417	26463
26418	26464
26419	26465
26420	26466
26421	26467
26422	26468
26423	26469
26424	26470
26425	26471
26426	26472
26427	26473
26428	26474
26429	deleted
26430	26475
26431	26476
26432	26477
26433	26478
26434	26479
26435	26480
26436	26481
26437	26482
26438	26483
26439	26484
26440	26485
26441	26486
26442	26487
26443	26488
26444	26489
26445	26490
26446	26491
26447	26492
26448	26493
26449	26494
26450	26495
26451	26496
26452	26497
26453	26498
26454	26499
26455	26500
26456	26501
26457	26502
26458	26503
26459	26504
26460	26505
26461	26506
26462	26507
26463	26508
26464	26509
26465	26510
26466	26511
26467	26512
26468	26513
26469	26514
26470	26515
26471	26516
26472	26517
26473	26518
26474	26519
26475	deleted
26476	26520
26477	26521
26478	26522
26479	26523
26480	26524
26481	26525
26482	26526
26483	26527
26484	26528
26485	26529
26486	26530
26487	26531
26488	26532
26489	26533
26490	26534
26491	26535
26492	26536
26493	26537
26494	26538
26495	26539
26496	26540
26497	26541
26498	26542
26499	26543
26500	26544
26501	26545
26502	26546
26503	26547
26504	26548
26505	deleted
26506	26550
26507	26551
26508	26552
26509	26553
26510	26554
26511	26555
26512	26556
26513	26557
26514	26558
26515	26559
26516	26560
26517	26561
26518	26562
26519	26563
26520	26564
26521	26565
26522	26566
26523	26567
26524	26568
26525	26569
26526	26570
26527	26571
26528	26572
26529	26573
26530	26574
26531	26575
26532	26576
26533	26577
26534	26578
26535	26579
26536	26580
26537	26581
26538	26582
26539	26583
26540	26584
26541	26585
26542	26586
26543	26587
26544	26588
26545	26589
26546	26590
26547	26591
26548	26592
26549	26593
26550	26595
26551	26596
26552	26597
26553	26598
26554	26599
26555	26600
26556	26601
26557	26602
26558	26603
26559	26604
26560	26605
26561	26606
26562	26607
26563	26608
26564	26609
26565	26610
26566	26611
26567	26612
26568	26613
26569	26614
26570	26615
26571	26616
26572	26617
26573	26618
26574	26619
26575	26620
26576	26621
26577	26622
26578	26623
26579	26624
26580	deleted
26581	26626
26582	26627
26583	26628
26584	26629
26585	26630
26586	26631
26587	26632
26588	26633
26589	26634
26590	26635
26591	26636
26592	26637
26593	26638
26594	26639
26595	26640
26596	26641
26597	26642
26598	26643
26599	26644
26600	26645
26601	26646
26602	26647
26603	26648
26604	26649
26605	26650
26606	26651
26607	26652
26608	26653
26609	26654
26610	26655
26611	26656
26612	26657
26613	26658
26614	26659
26615	26660
26616	26661
26617	26662
26618	26663
26619	26664
26620	26665
26621	26666
26622	26667
26623	26668
26624	26669
26625	26670
26626	26671
26627	26672
26628	26673
26629	26674
26630	26675
26631	26676
26632	26677
26633	26678
26634	26679
26635	26680
26636	26681
26637	26682
26638	26683
26639	26684
26640	26685
26641	26686
26642	26687
26643	26688
26644	26689
26645	26690
26646	26691
26647	26692
26648	26693
26649	26694
26650	26695
26651	26696
26652	26697
26653	26698
26654	26699
26655	26700
26656	26701
26657	26702
26658	26703
26659	26704
26660	26705
26661	26706
26662	26707
26663	26708
26664	26709
26665	26710
26666	26711
26667	26712
26668	26713
26669	26714
26670	26715
26671	26716
26672	26717
26673	26718
26674	26719
26675	26720
26676	26721
26677	26722
26678	26723
26679	26724
26680	26725
26681	26726
26682	26727
26683	26728
26684	26729
26685	26730
26686	26731
26687	26732
26688	26733
26689	26734
26690	26735
26691	26736
26692	26737
26693	26738
26694	26739
26695	26740
26696	26741
26697	26742
26698	26743
26699	26744
26700	26745
26701	26746
26702	26747
26703	26748
26704	26749
26705	26750
26706	26751
26707	26752
26708	26753
26709	26754
26710	26755
26711	26756
26712	26757
26713	26758
26714	26759
26715	26760
26716	26761
26717	26762
26718	26763
26719	26764
26720	26765
26721	26766
26722	26767
26723	26768
26724	26769
26725	26770
26726	26771
26727	26772
26728	26773
26729	26774
26730	26775
26731	26776
26732	26777
26733	26778
26734	26779
26735	26780
26736	26781
26737	26782
26738	26783
26739	26784
26740	26785
26741	26786
26742	26787
26743	26788
26744	26789
26745	26790
26746	26791
26747	26792
26748	26793
26749	26794
26750	26795
26751	26796
26752	26797
26753	26798
26754	26799
26755	26800
26756	26801
26757	26802
26758	26803
26759	26804
26760	26805
26761	26806
26762	26807
26763	26808
26764	26809
26765	26810
26766	26811
26767	26812
26768	26813
26769	26814
26770	26815
26771	26816
26772	26817
26773	26818
26774	26819
26775	26820
26776	26821
26777	26822
26778	26823
26779	deleted
26780	26824
26781	26825
26782	26826
26783	26827
26784	26828
26785	26829
26786	26830
26787	26831
26788	26832
26789	26833
26790	26834
26791	26835
26792	26836
26793	26837
26794	26838
26795	26839
26796	26840
26797	26841
26798	26842
26799	26843
26800	26844
26801	26845
26802	26846
26803	26847
26804	26848
26805	26849
26806	26850
26807	26851
26808	26852
26809	26853
26810	26854
26811	26855
26812	26856
26813	26857
26814	26858
26815	26859
26816	26860
26817	26861
26818	26862
26819	26863
26820	26864
26821	26865
26822	26866
26823	26867
26824	26868
26825	26869
26826	26870
26827	26871
26828	26872
26829	26873
26830	26874
26831	26875
26832	26876
26833	26877
26834	26878
26835	26879
26836	26880
26837	26881
26838	26882
26839	26883
26840	26884
26841	26885
26842	26886
26843	26887
26844	26888
26845	26889
26846	26890
26847	26891
26848	26892
26849	26893
26850	26894
26851	26895
26852	26896
26853	26897
26854	26898
26855	26899
26856	26900
26857	26901
26858	26902
26859	26903
26860	26904
26861	26906
26862	26907
26863	26908
26864	26909
26865	26910
26866	26911
26867	26912
26868	26913
26869	26914
26870	26915
26871	26916
26872	26917
26873	26918
26874	26919
26875	26920
26876	26921
26877	26922
26878	26923
26879	26924
26880	26925
26881	26926
26882	26927
26883	26928
26884	26929
26885	26930
26886	26931
26887	26932
26888	26933
26889	26934
26890	26935
26891	26936
26892	26937
26893	26938
26894	26939
26895	26940
26896	26941
26897	26942
26898	26943
26899	26944
26900	26945
26901	26946
26902	26947
26903	26948
26904	26949
26905	26950
26906	26951
26907	26952
26908	26953
26909	26954
26910	26955
26911	26956
26912	26957
26913	26958
26914	26959
26915	26960
26916	26961
26917	26962
26918	26963
26919	26964
26920	26965
26921	26966
26922	26967
26923	26968
26924	26969
26925	26970
26926	26971
26927	26972
26928	26973
26929	26974
26930	26975
26931	26976
26932	26977
26933	26978
26934	26979
26935	26981
26936	26982
26937	26983
26938	26984
26939	26985
26940	26986
26941	26987
26942	26988
26943	26989
26944	26990
26945	26991
26946	26992
26947	26993
26948	26994
26949	26995
26950	26996
26951	26997
26952	26998
26953	26999
26954	27000
26955	deleted
26956	27002
26957	27003
26958	27004
26959	27005
26960	27006
26961	27007
26962	27008
26963	27009
26964	27010
26965	27011
26966	27012
26967	27013
26968	27014
26969	27015
26970	27016
26971	27017
26972	27018
26973	27019
26974	27020
26975	27021
26976	27023
26977	27024
26978	27025
26979	27026
26980	27027
26981	27028
26982	27029
26983	27030
26984	27031
26985	27032
26986	27033
26987	27034
26988	27035
26989	27036
26990	deleted
26991	27037
26992	27038
26993	27039
26994	27040
26995	27041
26996	27042
26997	27043
26998	27044
26999	deleted
27000	27046
27001	27047
27002	27048
27003	27049
27004	27050
27005	27051
27006	27052
27007	27053
27008	27054
27009	27055
27010	27056
27011	27057
27012	27058
27013	27059
27014	27060
27015	27061
27016	27062
27017	27063
27018	27064
27019	27065
27020	27066
27021	27067
27022	27068
27023	27069
27024	27070
27025	27071
27026	27072
27027	27073
27028	27074
27029	27075
27030	27076
27031	27077
27032	27078
27033	deleted
27034	27080
27035	27081
27036	27082
27037	27083
27038	27084
27039	27085
27040	27086
27041	27087
27042	27088
27043	27089
27044	27090
27045	27091
27046	27092
27047	27093
27048	27094
27049	27095
27050	27096
27051	27097
27052	27098
27053	27099
27054	27100
27055	27101
27056	27102
27057	27103
27058	27104
27059	27105
27060	27106
27061	27107
27062	27108
27063	27109
27064	27110
27065	27111
27066	27112
27067	27113
27068	27114
27069	27115
27070	27116
27071	27117
27072	27118
27073	27119
27074	27120
27075	27121
27076	27122
27077	27123
27078	27124
27079	27125
27080	27126
27081	27127
27082	27128
27083	27129
27084	27130
27085	27131
27086	27132
27087	27133
27088	27134
27089	27135
27090	27136
27091	27137
27092	27138
27093	27139
27094	27140
27095	27141
27096	27142
27097	27143
27098	27144
27099	27145
27100	27146
27101	27147
27102	27148
27103	27149
27104	27150
27105	27151
27106	27152
27107	27153
27108	27154
27109	27155
27110	27156
27111	27157
27112	27158
27113	27159
27114	27160
27115	27161
27116	27162
27117	27163
27118	27164
27119	27165
27120	27166
27121	27167
27122	27168
27123	27169
27124	27170
27125	27171
27126	27172
27127	27173
27128	27174
27129	27175
27130	27176
27131	27177
27132	27178
27133	27179
27134	27180
27135	27181
27136	27182
27137	27183
27138	27185
27139	27186
27140	27187
27141	27188
27142	27189
27143	27190
27144	27191
27145	27192
27146	27193
27147	27194
27148	27195
27149	27196
27150	27197
27151	27198
27152	27199
27153	27200
27154	27201
27155	27203
27156	27204
27157	27205
27158	27206
27159	27207
27160	27208
27161	27209
27162	27210
27163	27211
27164	27212
27165	27213
27166	27214
27167	27215
27168	27216
27169	27217
27170	27218
27171	27219
27172	27220
27173	27221
27174	27222
27175	27223
27176	27224
27177	27225
27178	27226
27179	27227
27180	27228
27181	27229
27182	27230
27183	27231
27184	27232
27185	deleted
27186	27233
27187	27234
27188	27235
27189	27236
27190	27237
27191	27238
27192	27239
27193	27240
27194	27241
27195	27242
27196	27243
27197	27244
27198	27245
27199	27246
27200	27247
27201	deleted
27202	27248
27203	27249
27204	27250
27205	27251
27206	27252
27207	27253
27208	27254
27209	27255
27210	27256
27211	27257
27212	27259
27213	27260
27214	27261
27215	27262
27216	27263
27217	27264
27218	27265
27219	27266
27220	27267
27221	27268
27222	27269
27223	27270
27224	27271
27225	27272
27226	27273
27227	27274
27228	27275
27229	27276
27230	27277
27231	27278
27232	27279
27233	27280
27234	27281
27235	27282
27236	27283
27237	27284
27238	27285
27239	27286
27240	27287
27241	27288
27242	27289
27243	27290
27244	27291
27245	27292
27246	27293
27247	27294
27248	27295
27249	27296
27250	27297
27251	27298
27252	27299
27253	27300
27254	27301
27255	27302
27256	27303
27257	27304
27258	27305
27259	27306
27260	27308
27261	27309
27262	27310
27263	27311
27264	27312
27265	27313
27266	27314
27267	27315
27268	27316
27269	27317
27270	27318
27271	27319
27272	27320
27273	27321
27274	27322
27275	27323
27276	27324
27277	27325
27278	27326
27279	27327
27280	27328
27281	27329
27282	27330
27283	27331
27284	27333
27285	27334
27286	27335
27287	27336
27288	deleted
27289	27337
27290	27338
27291	27339
27292	27340
27293	27341
27294	27342
27295	27343
27296	27344
27297	27345
27298	27346
27299	27347
27300	27348
27301	27349
27302	27350
27303	27351
27304	deleted
27305	27353
27306	27354
27307	27355
27308	27356
27309	27357
27310	27358
27311	27359
27312	27360
27313	27361
27314	27362
27315	27363
27316	27364
27317	27365
27318	27366
27319	27367
27320	27368
27321	27369
27322	27370
27323	27371
27324	27372
27325	27373
27326	27374
27327	27375
27328	27376
27329	27377
27330	27379
27331	27380
27332	27381
27333	27382
27334	27383
27335	27384
27336	27385
27337	27386
27338	27387
27339	27388
27340	27389
27341	27390
27342	27391
27343	27392
27344	27393
27345	27394
27346	27395
27347	27396
27348	27397
27349	27398
27350	27399
27351	27400
27352	27401
27353	27402
27354	27403
27355	27404
27356	27405
27357	27406
27358	27407
27359	27408
27360	27409
27361	27410
27362	27411
27363	27412
27364	27413
27365	27414
27366	27415
27367	27416
27368	27417
27369	27418
27370	27419
27371	27420
27372	27421
27373	27422
27374	27423
27375	27424
27376	27425
27377	27426
27378	27428
27379	27429
27380	27430
27381	27431
27382	27432
27383	27433
27384	27434
27385	27435
27386	27436
27387	27437
27388	27438
27389	27439
27390	27440
27391	27441
27392	27442
27393	27443
27394	27444
27395	27445
27396	27446
27397	27448
27398	27449
27399	27450
27400	27451
27401	27452
27402	deleted
27403	27454
27404	27455
27405	27456
27406	27457
27407	27458
27408	27459
27409	27460
27410	27461
27411	27462
27412	27463
27413	27464
27414	27465
27415	27466
27416	27467
27417	27468
27418	27469
27419	27470
27420	27471
27421	27472
27422	27473
27423	27474
27424	27475
27425	27476
27426	27477
27427	27478
27428	27479
27429	27480
27430	27481
27431	27482
27432	27483
27433	27484
27434	27485
27435	27486
27436	27487
27437	27488
27438	27489
27439	27490
27440	27491
27441	27492
27442	27493
27443	deleted
27444	27495
27445	27496
27446	27497
27447	27498
27448	27499
27449	27500
27450	27501
27451	27502
27452	27503
27453	27504
27454	27505
27455	27506
27456	27507
27457	27508
27458	27509
27459	27510
27460	27511
27461	27512
27462	27513
27463	27514
27464	27515
27465	27516
27466	27517
27467	27518
27468	27519
27469	27520
27470	27521
27471	27522
27472	27523
27473	27524
27474	27525
27475	27526
27476	27527
27477	27528
27478	27529
27479	27530
27480	deleted
27481	27531
27482	27532
27483	27533
27484	27534
27485	27535
27486	27536
27487	27537
27488	27538
27489	27539
27490	27540
27491	27541
27492	27542
27493	27543
27494	27544
27495	27545
27496	27546
27497	27547
27498	27548
27499	27549
27500	27550
27501	27551
27502	27552
27503	27553
27504	27554
27505	27555
27506	27556
27507	27557
27508	27558
27509	27559
27510	27560
27511	27561
27512	27562
27513	27563
27514	27564
27515	27565
27516	27566
27517	27567
27518	27568
27519	27569
27520	27570
27521	27571
27522	27572
27523	deleted
27524	27573
27525	27574
27526	27575
27527	27576
27528	27577
27529	27578
27530	27579
27531	27580
27532	27581
27533	27582
27534	27583
27535	27584
27536	27585
27537	27586
27538	27587
27539	27588
27540	27589
27541	27590
27542	27591
27543	27592
27544	27593
27545	27594
27546	27595
27547	27596
27548	27598
27549	27599
27550	27600
27551	27601
27552	27602
27553	27603
27554	27604
27555	27605
27556	27606
27557	27607
27558	27608
27559	27609
27560	27610
27561	27611
27562	27612
27563	27613
27564	27614
27565	27615
27566	27616
27567	27617
27568	27618
27569	27619
27570	27620
27571	27621
27572	27622
27573	27623
27574	27624
27575	27625
27576	27626
27577	27627
27578	27628
27579	27629
27580	27630
27581	27631
27582	27632
27583	27633
27584	27634
27585	27635
27586	deleted
27587	27636
27588	27637
27589	27638
27590	27639
27591	27640
27592	27641
27593	27642
27594	27643
27595	27644
27596	27645
27597	27646
27598	27647
27599	27648
27600	27649
27601	27650
27602	27651
27603	27652
27604	27653
27605	27654
27606	27655
27607	27656
27608	27657
27609	27658
27610	27659
27611	27660
27612	27661
27613	27662
27614	27663
27615	27664
27616	27665
27617	27666
27618	27667
27619	27668
27620	27669
27621	27670
27622	27671
27623	27672
27624	27673
27625	27674
27626	27675
27627	27676
27628	27677
27629	27678
27630	27679
27631	27680
27632	27681
27633	27682
27634	27683
27635	27684
27636	27685
27637	27686
27638	27687
27639	deleted
27640	27688
27641	27689
27642	27690
27643	27691
27644	27692
27645	27693
27646	27694
27647	27695
27648	27696
27649	27697
27650	27698
27651	27699
27652	27700
27653	27701
27654	27702
27655	27703
27656	27704
27657	27705
27658	27706
27659	27707
27660	27708
27661	27709
27662	27710
27663	27711
27664	27712
27665	27713
27666	27714
27667	27715
27668	27716
27669	27717
27670	27718
27671	27719
27672	27720
27673	27721
27674	27722
27675	27723
27676	27724
27677	27725
27678	27726
27679	27727
27680	27728
27681	27729
27682	27730
27683	27731
27684	27732
27685	27733
27686	27734
27687	27735
27688	27736
27689	27737
27690	27738
27691	27739
27692	deleted
27693	27740
27694	27741
27695	27742
27696	27743
27697	27744
27698	27745
27699	27746
27700	27747
27701	27748
27702	27749
27703	27750
27704	27751
27705	27752
27706	27753
27707	27754
27708	27755
27709	27756
27710	27757
27711	27758
27712	27759
27713	27760
27714	27761
27715	27762
27716	27763
27717	27764
27718	27765
27719	27766
27720	27767
27721	27768
27722	27769
27723	27770
27724	27771
27725	27772
27726	27773
27727	27774
27728	27775
27729	27776
27730	27777
27731	27778
27732	27779
27733	27780
27734	27781
27735	27782
27736	27783
27737	27784
27738	27785
27739	27786
27740	27787
27741	27788
27742	27789
27743	27790
27744	27791
27745	27792
27746	27793
27747	27794
27748	27796
27749	27797
27750	27798
27751	27799
27752	27800
27753	27801
27754	27802
27755	27803
27756	27804
27757	27805
27758	27806
27759	27807
27760	27808
27761	27809
27762	27810
27763	deleted
27764	27811
27765	27812
27766	27813
27767	27814
27768	27815
27769	27816
27770	27817
27771	27818
27772	27819
27773	27820
27774	27821
27775	27822
27776	27823
27777	27824
27778	27825
27779	27826
27780	27827
27781	27828
27782	27829
27783	27830
27784	27831
27785	27832
27786	27833
27787	27834
27788	27835
27789	27836
27790	27837
27791	27838
27792	27839
27793	27840
27794	27841
27795	27842
27796	27843
27797	27844
27798	27845
27799	27846
27800	27847
27801	27848
27802	27849
27803	27850
27804	27851
27805	27852
27806	27853
27807	27854
27808	27855
27809	27856
27810	27857
27811	27858
27812	27859
27813	27860
27814	27861
27815	27862
27816	27863
27817	27864
27818	27865
27819	27866
27820	27867
27821	27868
27822	27869
27823	27870
27824	27871
27825	27872
27826	27873
27827	27874
27828	27875
27829	27876
27830	27877
27831	27878
27832	27879
27833	27880
27834	27881
27835	27882
27836	27883
27837	deleted
27838	27885
27839	27886
27840	27887
27841	27888
27842	27889
27843	27890
27844	27891
27845	27892
27846	27893
27847	27894
27848	27895
27849	27896
27850	27897
27851	27898
27852	27899
27853	27900
27854	27901
27855	27902
27856	27903
27857	27904
27858	27905
27859	27906
27860	27907
27861	27908
27862	27909
27863	27910
27864	27911
27865	27912
27866	27913
27867	27914
27868	27915
27869	27916
27870	27917
27871	27918
27872	27919
27873	27920
27874	27921
27875	27922
27876	27923
27877	27924
27878	27925
27879	27926
27880	27927
27881	27928
27882	27929
27883	27930
27884	27931
27885	27932
27886	27933
27887	27934
27888	27935
27889	deleted
27890	27937
27891	27938
27892	27939
27893	27940
27894	27941
27895	27942
27896	27943
27897	27944
27898	27945
27899	27946
27900	27947
27901	27949
27902	27950
27903	27951
27904	27952
27905	27953
27906	27954
27907	27955
27908	27956
27909	27957
27910	deleted
27911	27958
27912	27959
27913	27960
27914	27961
27915	27962
27916	27963
27917	27964
27918	27965
27919	27966
27920	27967
27921	27968
27922	27969
27923	27970
27924	27971
27925	27972
27926	27973
27927	27974
27928	27975
27929	27976
27930	27977
27931	27978
27932	27979
27933	27980
27934	27981
27935	27982
27936	27983
27937	27984
27938	27985
27939	27986
27940	27987
27941	27988
27942	27989
27943	27990
27944	27991
27945	27992
27946	27993
27947	27994
27948	27995
27949	27996
27950	27997
27951	27998
27952	27999
27953	28000
27954	28001
27955	28002
27956	28003
27957	28004
27958	28005
27959	28006
27960	28007
27961	28008
27962	28009
27963	28010
27964	28011
27965	28012
27966	28013
27967	28014
27968	28015
27969	28016
27970	28017
27971	28018
27972	28019
27973	28020
27974	28021
27975	28022
27976	28023
27977	28024
27978	28025
27979	28026
27980	28027
27981	28028
27982	28029
27983	28030
27984	28031
27985	28032
27986	28033
27987	28034
27988	28035
27989	28037
27990	28038
27991	28039
27992	28040
27993	28041
27994	28042
27995	28043
27996	28044
27997	28045
27998	28046
27999	28047
28000	28048
28001	28049
28002	28050
28003	28051
28004	28052
28005	28053
28006	28054
28007	28055
28008	28056
28009	28057
28010	28058
28011	28059
28012	28060
28013	28061
28014	28062
28015	28063
28016	28064
28017	deleted
28018	28066
28019	28067
28020	28068
28021	28070
28022	28071
28023	28072
28024	28073
28025	28074
28026	28075
28027	28076
28028	28077
28029	28078
28030	28079
28031	28080
28032	28081
28033	28082
28034	28083
28035	28084
28036	28085
28037	28086
28038	28087
28039	28088
28040	28089
28041	28090
28042	28091
28043	28092
28044	28093
28045	28094
28046	28095
28047	28096
28048	28097
28049	28098
28050	28099
28051	28100
28052	28101
28053	28102
28054	28103
28055	28104
28056	28105
28057	28106
28058	28107
28059	28108
28060	28109
28061	28110
28062	28111
28063	28112
28064	28113
28065	28114
28066	28115
28067	28116
28068	28117
28069	28118
28070	28119
28071	28120
28072	28121
28073	28122
28074	28123
28075	28124
28076	28125
28077	28126
28078	28127
28079	28128
28080	28129
28081	28130
28082	28131
28083	28132
28084	28133
28085	deleted
28086	28134
28087	28135
28088	28136
28089	28137
28090	28138
28091	28140
28092	28141
28093	28142
28094	28143
28095	28144
28096	28145
28097	deleted
28098	28146
28099	28147
28100	28148
28101	28149
28102	28150
28103	28151
28104	28152
28105	28153
28106	28154
28107	28155
28108	28156
28109	28157
28110	28158
28111	28159
28112	28160
28113	28161
28114	28162
28115	28163
28116	28164
28117	28165
28118	28166
28119	28167
28120	28168
28121	28169
28122	28170
28123	28171
28124	28172
28125	28173
28126	28174
28127	28175
28128	28176
28129	28177
28130	28178
28131	28179
28132	28180
28133	28181
28134	28182
28135	28183
28136	28184
28137	28185
28138	28186
28139	28187
28140	28188
28141	28189
28142	28190
28143	28191
28144	28192
28145	28193
28146	28194
28147	28195
28148	28196
28149	28197
28150	28198
28151	28199
28152	28200
28153	28201
28154	28202
28155	28203
28156	28204
28157	28205
28158	28206
28159	28207
28160	28208
28161	28209
28162	28210
28163	28211
28164	28212
28165	28213
28166	28214
28167	28215
28168	28216
28169	28217
28170	28218
28171	28219
28172	28220
28173	28221
28174	28222
28175	28223
28176	28224
28177	28225
28178	28226
28179	28227
28180	28228
28181	28229
28182	28230
28183	28231
28184	28232
28185	28233
28186	28234
28187	28235
28188	28236
28189	28238
28190	28240
28191	28241
28192	28242
28193	28243
28194	28244
28195	28245
28196	28246
28197	28247
28198	28248
28199	28249
28200	28250
28201	28251
28202	28252
28203	28253
28204	28254
28205	deleted
28206	28256
28207	28257
28208	28258
28209	28259
28210	28260
28211	28261
28212	28262
28213	28263
28214	28264
28215	28265
28216	28266
28217	28267
28218	28268
28219	28269
28220	28270
28221	28271
28222	28272
28223	28273
28224	28274
28225	28275
28226	28276
28227	28277
28228	28278
28229	28279
28230	28280
28231	28281
28232	28282
28233	28283
28234	28284
28235	28285
28236	28286
28237	28287
28238	28288
28239	28289
28240	28290
28241	28291
28242	28292
28243	28293
28244	28294
28245	28295
28246	28296
28247	28297
28248	28298
28249	28299
28250	28300
28251	28301
28252	28302
28253	28303
28254	28304
28255	28305
28256	28306
28257	28307
28258	28308
28259	28309
28260	28310
28261	28311
28262	28312
28263	28313
28264	28314
28265	28315
28266	28316
28267	28317
28268	28318
28269	28319
28270	28320
28271	28322
28272	28323
28273	28324
28274	28325
28275	28326
28276	28327
28277	28328
28278	28329
28279	28330
28280	28331
28281	28332
28282	28333
28283	28334
28284	28335
28285	28336
28286	28337
28287	28338
28288	28339
28289	28340
28290	28341
28291	28343
28292	28344
28293	28345
28294	28346
28295	28347
28296	28348
28297	28349
28298	28350
28299	28351
28300	28352
28301	28353
28302	28354
28303	28355
28304	28356
28305	28357
28306	28358
28307	28359
28308	28360
28309	28361
28310	28362
28311	28363
28312	28364
28313	28365
28314	28366
28315	28367
28316	28369
28317	28370
28318	28371
28319	28372
28320	28373
28321	28374
28322	28375
28323	28376
28324	28377
28325	28378
28326	28379
28327	deleted
28328	28380
28329	28381
28330	28382
28331	28383
28332	28384
28333	28385
28334	28386
28335	28387
28336	28388
28337	28389
28338	28390
28339	28391
28340	28392
28341	28393
28342	28394
28343	28395
28344	28396
28345	28397
28346	28398
28347	28399
28348	28400
28349	28401
28350	28403
28351	28404
28352	28405
28353	28406
28354	28407
28355	28408
28356	28409
28357	28410
28358	28411
28359	28412
28360	28413
28361	28414
28362	28415
28363	28416
28364	28417
28365	28418
28366	28419
28367	28420
28368	28421
28369	28423
28370	28424
28371	28425
28372	28426
28373	28427
28374	28428
28375	28429
28376	28430
28377	28431
28378	28432
28379	28433
28380	28434
28381	28435
28382	28436
28383	28437
28384	28438
28385	28439
28386	28440
28387	28441
28388	28442
28389	28443
28390	28444
28391	28445
28392	28446
28393	28447
28394	28448
28395	28449
28396	28450
28397	28451
28398	28452
28399	28453
28400	28454
28401	28455
28402	28456
28403	28457
28404	28458
28405	28459
28406	28460
28407	28461
28408	28462
28409	28463
28410	28464
28411	28465
28412	28466
28413	28467
28414	28468
28415	28469
28416	28470
28417	28471
28418	28472
28419	28473
28420	28474
28421	28475
28422	28476
28423	28477
28424	28478
28425	28479
28426	28480
28427	28481
28428	28482
28429	28483
28430	28484
28431	28485
28432	28486
28433	28487
28434	28488
28435	28489
28436	28490
28437	28491
28438	28492
28439	28493
28440	28494
28441	28495
28442	28496
28443	28497
28444	28498
28445	28499
28446	28500
28447	28501
28448	28502
28449	28503
28450	28504
28451	28505
28452	28506
28453	28507
28454	28508
28455	28509
28456	28510
28457	28511
28458	28512
28459	28513
28460	28514
28461	28515
28462	28516
28463	28517
28464	28518
28465	28519
28466	28520
28467	28521
28468	28522
28469	28523
28470	28524
28471	28525
28472	28526
28473	28527
28474	28528
28475	28529
28476	28530
28477	deleted
28478	28532
28479	28533
28480	28534
28481	28535
28482	28536
28483	28537
28484	28538
28485	28539
28486	28540
28487	28541
28488	28542
28489	28543
28490	28544
28491	28545
28492	28546
28493	28547
28494	28548
28495	28549
28496	28550
28497	28551
28498	28552
28499	28553
28500	28554
28501	28555
28502	28556
28503	28557
28504	28558
28505	28559
28506	28560
28507	28561
28508	28562
28509	28563
28510	28564
28511	28565
28512	28566
28513	28567
28514	28568
28515	28569
28516	28570
28517	28571
28518	28572
28519	28573
28520	28574
28521	28575
28522	28576
28523	28577
28524	28578
28525	28579
28526	28580
28527	28581
28528	28582
28529	28583
28530	28584
28531	28585
28532	28586
28533	28587
28534	28588
28535	28589
28536	28590
28537	28591
28538	28592
28539	28593
28540	28594
28541	28595
28542	28596
28543	28597
28544	28598
28545	28599
28546	28600
28547	28601
28548	28602
28549	28603
28550	28604
28551	28605
28552	28606
28553	28607
28554	28608
28555	28609
28556	28610
28557	28611
28558	28612
28559	28613
28560	28614
28561	28615
28562	28616
28563	28617
28564	28618
28565	28619
28566	28620
28567	28621
28568	28622
28569	28623
28570	28625
28571	28626
28572	28627
28573	28628
28574	28629
28575	28630
28576	28631
28577	28632
28578	28633
28579	28634
28580	28635
28581	28636
28582	28637
28583	28638
28584	28639
28585	28640
28586	28641
28587	28642
28588	28643
28589	28644
28590	28645
28591	28646
28592	28647
28593	28648
28594	28649
28595	28650
28596	28651
28597	28652
28598	28653
28599	28654
28600	28655
28601	28656
28602	28657
28603	28658
28604	28659
28605	28660
28606	28661
28607	28662
28608	28663
28609	28664
28610	28665
28611	28666
28612	28667
28613	28668
28614	28669
28615	28670
28616	28671
28617	28672
28618	28673
28619	28674
28620	28675
28621	28676
28622	28677
28623	28678
28624	28679
28625	28680
28626	28681
28627	deleted
28628	28682
28629	28683
28630	28684
28631	28686
28632	28687
28633	28688
28634	28689
28635	28690
28636	28691
28637	28692
28638	28693
28639	28694
28640	28695
28641	28696
28642	28697
28643	28698
28644	28699
28645	28700
28646	28701
28647	28702
28648	28703
28649	28704
28650	28705
28651	28706
28652	28707
28653	28708
28654	28709
28655	28710
28656	deleted
28657	28711
28658	28712
28659	28713
28660	28714
28661	28715
28662	28716
28663	28717
28664	28718
28665	28719
28666	28720
28667	28721
28668	28722
28669	28723
28670	28724
28671	28725
28672	28726
28673	28727
28674	28728
28675	28729
28676	28730
28677	28731
28678	28732
28679	28734
28680	28735
28681	28736
28682	28737
28683	28738
28684	28739
28685	28740
28686	28741
28687	28742
28688	28743
28689	28744
28690	28745
28691	28746
28692	28747
28693	28748
28694	28749
28695	28750
28696	28751
28697	28752
28698	28753
28699	28754
28700	28755
28701	28756
28702	28757
28703	28758
28704	28759
28705	28760
28706	28761
28707	28762
28708	28763
28709	28764
28710	28765
28711	28766
28712	28767
28713	28768
28714	28769
28715	28770
28716	28771
28717	28772
28718	28773
28719	28774
28720	28775
28721	28776
28722	28777
28723	28778
28724	28779
28725	28780
28726	28781
28727	28782
28728	28783
28729	deleted
28730	28784
28731	28785
28732	28786
28733	28787
28734	28788
28735	28789
28736	28790
28737	28791
28738	28792
28739	28793
28740	28794
28741	28795
28742	28796
28743	28797
28744	28798
28745	28799
28746	28800
28747	28801
28748	28802
28749	28803
28750	28804
28751	28805
28752	28807
28753	28808
28754	28809
28755	28810
28756	28811
28757	28812
28758	28813
28759	28814
28760	28815
28761	28816
28762	28817
28763	28818
28764	28819
28765	28820
28766	28821
28767	28822
28768	28823
28769	28824
28770	28825
28771	28826
28772	28827
28773	28828
28774	28829
28775	28830
28776	28831
28777	28832
28778	28833
28779	28834
28780	28835
28781	28836
28782	28837
28783	28838
28784	28839
28785	28840
28786	28841
28787	28842
28788	28843
28789	28844
28790	28845
28791	28846
28792	28847
28793	28848
28794	28849
28795	28850
28796	28851
28797	28852
28798	28853
28799	28854
28800	28855
28801	28856
28802	28857
28803	28858
28804	deleted
28805	28859
28806	28860
28807	28861
28808	28862
28809	28863
28810	28864
28811	28865
28812	28866
28813	28867
28814	28868
28815	28869
28816	28870
28817	deleted
28818	28871
28819	28872
28820	28873
28821	28874
28822	28875
28823	deleted
28824	28877
28825	deleted
28826	28878
28827	28879
28828	28880
28829	28881
28830	28882
28831	28883
28832	28884
28833	28885
28834	28886
28835	28887
28836	28888
28837	28889
28838	28890
28839	28891
28840	28892
28841	28893
28842	28894
28843	28895
28844	28896
28845	28897
28846	28898
28847	28899
28848	28900
28849	28901
28850	28902
28851	28903
28852	28904
28853	28905
28854	28906
28855	28907
28856	28908
28857	28909
28858	28910
28859	28911
28860	28912
28861	28913
28862	28914
28863	28915
28864	28916
28865	28917
28866	28918
28867	28919
28868	28920
28869	28921
28870	28922
28871	28923
28872	28924
28873	28925
28874	28927
28875	28928
28876	28929
28877	28930
28878	28931
28879	28932
28880	28933
28881	28934
28882	28935
28883	28936
28884	28937
28885	28938
28886	28939
28887	28940
28888	28941
28889	28942
28890	28943
28891	28944
28892	28945
28893	28946
28894	28947
28895	28948
28896	28949
28897	28950
28898	28951
28899	28952
28900	28953
28901	28954
28902	28955
28903	28956
28904	deleted
28905	28958
28906	28959
28907	28960
28908	28961
28909	28962
28910	28963
28911	28964
28912	28965
28913	28966
28914	28967
28915	28968
28916	28969
28917	28970
28918	28971
28919	28972
28920	28973
28921	28974
28922	28975
28923	28976
28924	28977
28925	28978
28926	28979
28927	28980
28928	28981
28929	28982
28930	28983
28931	28984
28932	28985
28933	28986
28934	28987
28935	28988
28936	28989
28937	28990
28938	28991
28939	28992
28940	28993
28941	28994
28942	28995
28943	28996
28944	28997
28945	28998
28946	28999
28947	29000
28948	29001
28949	29002
28950	29003
28951	29004
28952	29005
28953	29006
28954	29007
28955	29008
28956	29009
28957	29010
28958	29011
28959	29012
28960	29013
28961	29014
28962	29015
28963	29016
28964	29017
28965	29018
28966	29019
28967	29020
28968	29021
28969	29022
28970	29023
28971	29024
28972	29025
28973	29026
28974	29027
28975	29028
28976	29029
28977	29030
28978	29031
28979	29032
28980	29033
28981	29034
28982	29035
28983	29036
28984	29037
28985	29038
28986	29039
28987	29040
28988	29041
28989	29042
28990	29043
28991	29044
28992	29045
28993	29046
28994	29047
28995	29048
28996	29049
28997	29050
28998	29051
28999	29052
29000	29053
29001	29054
29002	29055
29003	29057
29004	29058
29005	29059
29006	29060
29007	29061
29008	29062
29009	29063
29010	29064
29011	29065
29012	29066
29013	29067
29014	29068
29015	deleted
29016	29069
29017	29070
29018	29071
29019	29072
29020	29073
29021	29074
29022	29075
29023	29076
29024	29077
29025	29078
29026	29079
29027	29080
29028	29081
29029	29082
29030	29083
29031	29084
29032	29085
29033	29086
29034	29087
29035	29088
29036	29089
29037	29090
29038	29091
29039	29092
29040	29093
29041	29094
29042	29095
29043	29096
29044	29097
29045	29098
29046	29099
29047	29100
29048	29101
29049	29102
29050	29103
29051	29104
29052	29105
29053	29106
29054	29107
29055	29108
29056	29109
29057	29110
29058	29111
29059	29112
29060	29113
29061	29114
29062	29115
29063	29116
29064	29117
29065	29118
29066	29119
29067	29120
29068	29121
29069	29122
29070	29123
29071	29124
29072	29125
29073	29126
29074	29127
29075	29128
29076	29129
29077	29130
29078	29131
29079	29132
29080	29133
29081	29134
29082	29135
29083	29136
29084	29137
29085	29138
29086	29139
29087	29140
29088	29141
29089	29142
29090	29143
29091	29144
29092	29145
29093	29146
29094	29147
29095	29148
29096	29149
29097	29150
29098	29151
29099	29152
29100	29153
29101	29154
29102	29155
29103	29156
29104	29157
29105	29158
29106	29159
29107	29160
29108	29161
29109	29162
29110	29163
29111	29164
29112	29165
29113	29166
29114	29167
29115	29168
29116	29169
29117	29170
29118	29171
29119	29172
29120	29173
29121	29174
29122	29175
29123	29176
29124	29177
29125	29178
29126	29179
29127	29180
29128	29181
29129	29182
29130	29183
29131	29184
29132	29185
29133	29186
29134	29187
29135	29188
29136	29189
29137	29190
29138	29191
29139	29192
29140	29193
29141	29194
29142	29195
29143	29196
29144	29197
29145	29198
29146	29199
29147	29200
29148	29201
29149	29202
29150	29203
29151	29204
29152	29205
29153	29206
29154	29207
29155	29208
29156	29209
29157	29210
29158	29211
29159	29212
29160	29213
29161	29214
29162	29215
29163	29216
29164	29217
29165	29218
29166	29219
29167	29220
29168	29221
29169	29222
29170	29223
29171	29224
29172	29225
29173	29226
29174	29227
29175	29228
29176	29229
29177	29230
29178	29231
29179	29232
29180	29233
29181	29234
29182	29235
29183	29236
29184	29237
29185	29238
29186	29239
29187	29240
29188	29241
29189	29242
29190	29243
29191	29244
29192	29245
29193	29246
29194	29247
29195	29248
29196	29249
29197	29250
29198	29251
29199	29252
29200	29253
29201	29254
29202	29255
29203	29256
29204	29257
29205	29258
29206	29259
29207	29260
29208	29261
29209	29262
29210	29263
29211	29264
29212	29265
29213	29266
29214	29267
29215	29268
29216	29269
29217	29270
29218	29271
29219	29272
29220	29273
29221	29274
29222	29275
29223	29276
29224	29277
29225	29278
29226	29279
29227	29280
29228	29281
29229	29282
29230	29283
29231	29284
29232	29285
29233	29286
29234	29287
29235	29288
29236	29289
29237	29290
29238	29291
29239	29292
29240	29293
29241	29294
29242	29295
29243	29296
29244	29297
29245	29298
29246	29299
29247	29300
29248	29301
29249	29302
29250	29303
29251	29304
29252	29305
29253	29306
29254	29307
29255	29308
29256	29309
29257	29310
29258	29311
29259	29312
29260	29313
29261	29314
29262	29315
29263	29316
29264	29317
29265	29318
29266	29319
29267	29320
29268	29321
29269	29322
29270	29324
29271	29325
29272	29326
29273	29327
29274	29328
29275	29329
29276	29330
29277	29331
29278	29333
29279	29334
29280	29335
29281	29336
29282	29337
29283	29338
29284	29339
29285	29340
29286	29341
29287	29342
29288	29343
29289	29344
29290	29345
29291	29346
29292	29347
29293	29348
29294	29349
29295	29350
29296	29351
29297	29352
29298	29353
29299	29354
29300	29355
29301	29356
29302	29357
29303	29358
29304	deleted
29305	29359
29306	29360
29307	29361
29308	29362
29309	29363
29310	29364
29311	29365
29312	29366
29313	29367
29314	29368
29315	29369
29316	29370
29317	29371
29318	29372
29319	29373
29320	29374
29321	29375
29322	29376
29323	29377
29324	29378
29325	29380
29326	29381
29327	29382
29328	29383
29329	29384
29330	29385
29331	29386
29332	29387
29333	29388
29334	29389
29335	29390
29336	29391
29337	29392
29338	29393
29339	29394
29340	29395
29341	29396
29342	29397
29343	29398
29344	29399
29345	29400
29346	29401
29347	29402
29348	29403
29349	29404
29350	29405
29351	29406
29352	29407
29353	29408
29354	29409
29355	29410
29356	29411
29357	29412
29358	29413
29359	29414
29360	29415
29361	29416
29362	29417
29363	29418
29364	29419
29365	29420
29366	29421
29367	29422
29368	29423
29369	29424
29370	29425
29371	29426
29372	29427
29373	29428
29374	29429
29375	29430
29376	29431
29377	29432
29378	29433
29379	29434
29380	29435
29381	29436
29382	29437
29383	29438
29384	29439
29385	29440
29386	29441
29387	29442
29388	29443
29389	29444
29390	29445
29391	29446
29392	deleted
29393	29447
29394	29448
29395	29449
29396	29450
29397	29451
29398	29452
29399	29453
29400	29454
29401	29455
29402	29456
29403	29457
29404	29458
29405	29459
29406	29460
29407	29461
29408	29462
29409	29463
29410	29464
29411	29465
29412	29466
29413	29467
29414	29468
29415	29469
29416	29470
29417	29471
29418	29472
29419	29473
29420	29474
29421	29475
29422	deleted
29423	29477
29424	29478
29425	29479
29426	29480
29427	29481
29428	29482
29429	29483
29430	29484
29431	29485
29432	29486
29433	29487
29434	29488
29435	29489
29436	29490
29437	29491
29438	29492
29439	29493
29440	29494
29441	29496
29442	29497
29443	29498
29444	29499
29445	29500
29446	29501
29447	29502
29448	29503
29449	29504
29450	29505
29451	29506
29452	29507
29453	29508
29454	29509
29455	29510
29456	29511
29457	29512
29458	29513
29459	29514
29460	29515
29461	29516
29462	29517
29463	29518
29464	29519
29465	29520
29466	29521
29467	29522
29468	29523
29469	29524
29470	29525
29471	29526
29472	29527
29473	29528
29474	29529
29475	29530
29476	29531
29477	29532
29478	29533
29479	29534
29480	29535
29481	29536
29482	29537
29483	29538
29484	29539
29485	29540
29486	29541
29487	29542
29488	29543
29489	29544
29490	29545
29491	29546
29492	29547
29493	29548
29494	29549
29495	29550
29496	29551
29497	29552
29498	29553
29499	29554
29500	29555
29501	29556
29502	29557
29503	29558
29504	29559
29505	deleted
29506	29560
29507	29561
29508	29562
29509	29563
29510	29564
29511	29565
29512	29566
29513	29567
29514	29568
29515	29569
29516	29570
29517	29571
29518	29572
29519	29573
29520	29574
29521	29575
29522	29576
29523	29577
29524	29578
29525	29579
29526	29580
29527	29581
29528	29582
29529	29583
29530	29584
29531	29585
29532	29586
29533	29587
29534	29588
29535	29589
29536	29590
29537	29591
29538	29592
29539	29593
29540	29594
29541	29595
29542	29596
29543	29597
29544	29598
29545	29600
29546	29601
29547	29602
29548	29603
29549	29604
29550	29605
29551	29606
29552	29607
29553	29608
29554	29609
29555	29610
29556	29611
29557	29612
29558	29613
29559	29614
29560	29615
29561	29616
29562	29617
29563	29618
29564	29619
29565	29620
29566	29621
29567	29622
29568	29623
29569	29624
29570	29625
29571	29626
29572	29627
29573	29628
29574	29629
29575	29630
29576	29631
29577	29632
29578	29633
29579	29634
29580	29635
29581	29636
29582	29637
29583	29638
29584	29639
29585	29640
29586	29641
29587	29642
29588	29643
29589	29644
29590	29645
29591	29646
29592	29647
29593	29648
29594	deleted
29595	29649
29596	29650
29597	29651
29598	29652
29599	29653
29600	29654
29601	29655
29602	29656
29603	29657
29604	29658
29605	29659
29606	29660
29607	29661
29608	29662
29609	29663
29610	29664
29611	29665
29612	29666
29613	29667
29614	29668
29615	29669
29616	29671
29617	29672
29618	29673
29619	29674
29620	29675
29621	29676
29622	29677
29623	29678
29624	29679
29625	29680
29626	29681
29627	29683
29628	29684
29629	29685
29630	29686
29631	29687
29632	29688
29633	29689
29634	29690
29635	29691
29636	deleted
29637	29692
29638	29693
29639	29694
29640	29695
29641	29696
29642	29697
29643	29698
29644	29699
29645	29700
29646	29701
29647	29702
29648	29703
29649	29704
29650	29705
29651	29706
29652	29707
29653	29708
29654	29709
29655	29710
29656	29711
29657	29712
29658	29713
29659	29714
29660	29715
29661	29716
29662	29717
29663	29718
29664	29719
29665	29720
29666	29721
29667	29722
29668	29723
29669	29724
29670	29725
29671	29726
29672	29727
29673	29728
29674	29729
29675	29730
29676	29731
29677	29732
29678	29733
29679	29734
29680	29736
29681	29737
29682	29739
29683	29740
29684	29741
29685	29743
29686	29744
29687	29745
29688	29746
29689	29747
29690	deleted
29691	29748
29692	29749
29693	29750
29694	29751
29695	29752
29696	29753
29697	29754
29698	29755
29699	29756
29700	29757
29701	29758
29702	29759
29703	29760
29704	29761
29705	29762
29706	29763
29707	29764
29708	29765
29709	29766
29710	29767
29711	29768
29712	29769
29713	29770
29714	29771
29715	29772
29716	29773
29717	29774
29718	29775
29719	29776
29720	29777
29721	29778
29722	29779
29723	29780
29724	29781
29725	29782
29726	29783
29727	29784
29728	29785
29729	29786
29730	29787
29731	29788
29732	29789
29733	29790
29734	29791
29735	29792
29736	29793
29737	29794
29738	29795
29739	29796
29740	29797
29741	29798
29742	29799
29743	29800
29744	29801
29745	29802
29746	29803
29747	29804
29748	29805
29749	29806
29750	29807
29751	29808
29752	29809
29753	29810
29754	deleted
29755	29811
29756	29812
29757	29813
29758	29814
29759	29815
29760	29816
29761	29817
29762	29818
29763	29819
29764	29820
29765	29821
29766	29822
29767	29823
29768	29824
29769	29825
29770	29826
29771	29827
29772	29828
29773	29830
29774	29831
29775	29832
29776	29833
29777	29834
29778	29835
29779	29836
29780	29837
29781	29838
29782	29839
29783	29840
29784	29841
29785	29842
29786	29843
29787	29844
29788	29845
29789	29846
29790	29847
29791	29848
29792	29849
29793	29850
29794	29851
29795	29852
29796	29853
29797	29854
29798	29855
29799	29856
29800	29857
29801	29858
29802	29859
29803	29860
29804	29861
29805	29862
29806	29863
29807	29864
29808	29865
29809	29866
29810	29867
29811	29868
29812	29869
29813	29870
29814	29871
29815	29872
29816	29873
29817	29874
29818	29875
29819	29876
29820	29877
29821	29878
29822	29879
29823	29880
29824	29881
29825	29882
29826	29883
29827	29884
29828	29885
29829	29886
29830	deleted
29831	29888
29832	29889
29833	29890
29834	29891
29835	29892
29836	29893
29837	29894
29838	29895
29839	29896
29840	29897
29841	29898
29842	29899
29843	29900
29844	29901
29845	29902
29846	29903
29847	29904
29848	29905
29849	29906
29850	29907
29851	29908
29852	29909
29853	29910
29854	29911
29855	29912
29856	29913
29857	29914
29858	29915
29859	29916
29860	29917
29861	29918
29862	29919
29863	29920
29864	29921
29865	29922
29866	29923
29867	29924
29868	29925
29869	29926
29870	29927
29871	29928
29872	29929
29873	29930
29874	29931
29875	29932
29876	29933
29877	29934
29878	29935
29879	29936
29880	29937
29881	29938
29882	29939
29883	29940
29884	29941
29885	29942
29886	29943
29887	29944
29888	29945
29889	29946
29890	29947
29891	29948
29892	29949
29893	29950
29894	29951
29895	29952
29896	29953
29897	29954
29898	29955
29899	29956
29900	29957
29901	29958
29902	29959
29903	29960
29904	29961
29905	29962
29906	29963
29907	29964
29908	29965
29909	29966
29910	29967
29911	29968
29912	29969
29913	29970
29914	29971
29915	29972
29916	29973
29917	29974
29918	29975
29919	29976
29920	29977
29921	29978
29922	29980
29923	29981
29924	29982
29925	29983
29926	29984
29927	29985
29928	29986
29929	29987
29930	29988
29931	29989
29932	29990
29933	29991
29934	29992
29935	29993
29936	29994
29937	29995
29938	29996
29939	29997
29940	29998
29941	29999
29942	30000
29943	30001
29944	30002
29945	30003
29946	30004
29947	30005
29948	30006
29949	30007
29950	30008
29951	30009
29952	30010
29953	30011
29954	30012
29955	30013
29956	30014
29957	30015
29958	30016
29959	30017
29960	30018
29961	30019
29962	30020
29963	30021
29964	30023
29965	30024
29966	30025
29967	30026
29968	30027
29969	30028
29970	30029
29971	30030
29972	30031
29973	30032
29974	30033
29975	30034
29976	30036
29977	30037
29978	30038
29979	30039
29980	30040
29981	30041
29982	30042
29983	30043
29984	30044
29985	30045
29986	30046
29987	30047
29988	30048
29989	30049
29990	30050
29991	30051
29992	30052
29993	30053
29994	30054
29995	30055
29996	30056
29997	30057
29998	30058
29999	30059
30000	30060
